Target,Model,Nominal Coverage (%),Coverage (%),Avg Width,Sharpness,Calibration Error,Winkler
lithium_carbonate,ARIMA,80.0,0.0,103778.28364958502,103778.28364958502,80.0,513693.1689507145
lithium_carbonate,ARIMA,90.0,0.0,115974.65584981891,115974.65584981891,90.0,813840.7044497392
lithium_carbonate,ARIMA,95.0,0.0,121772.83713658366,121772.83713658366,95.0,1401541.308601129
lithium_carbonate,CEEMDAN-ARIMA,80.0,4.901960784313726,561324.236208037,561324.236208037,75.09803921568627,6653110356.949534
lithium_carbonate,CEEMDAN-ARIMA,90.0,5.88235294117647,620763.6632450696,620763.6632450696,84.11764705882354,13305154846.017937
lithium_carbonate,CEEMDAN-ARIMA,95.0,5.88235294117647,634508.8788400316,634508.8788400316,89.11764705882352,26609443940.118202
lithium_carbonate,CEEMDAN-LSTM,80.0,11.76470588235294,12390.96875,12390.96875,68.23529411764706,410860.160692402
lithium_carbonate,CEEMDAN-LSTM,90.0,11.76470588235294,14698.203125,14698.203125,78.23529411764706,791278.6366421569
lithium_carbonate,CEEMDAN-LSTM,95.0,50.0,55150.265625,55150.265625,44.99999999999999,1034370.578125
lithium_carbonate,ELM,80.0,28.431372549019606,95554.78136754091,95554.78136754091,51.5686274509804,287522.50681408215
lithium_carbonate,ELM,90.0,58.82352941176471,131323.19106422976,131323.19106422976,31.176470588235293,326701.0234535544
lithium_carbonate,ELM,95.0,61.76470588235294,138438.64390966043,138438.64390966043,33.23529411764705,472635.75120019494
lithium_carbonate,ES,80.0,0.0,185994.12528460613,185994.12528460613,80.0,1464560.631054064
lithium_carbonate,ES,90.0,0.0,210276.07360017105,210276.07360017105,90.0,2524589.6019834387
lithium_carbonate,ES,95.0,0.0,222117.04775795343,222117.04775795343,95.0,4613924.621368839
lithium_carbonate,Fixed VMD-LASSO-ARIMA/LSTM,80.0,32.35294117647059,31201.80264410844,31201.80264410844,47.64705882352941,277223.0815783101
lithium_carbonate,Fixed VMD-LASSO-ARIMA/LSTM,90.0,49.01960784313725,37532.64062045381,37532.64062045381,40.98039215686275,492696.5323568592
lithium_carbonate,Fixed VMD-LASSO-ARIMA/LSTM,95.0,50.98039215686274,40324.11444543183,40324.11444543183,44.01960784313725,922713.1288062703
lithium_carbonate,LSTM,80.0,86.27450980392157,125053.46875,125053.46875,6.2745098039215685,134338.0306372549
lithium_carbonate,LSTM,90.0,91.17647058823529,131563.9375,131563.9375,1.17647058823529,142523.13174019608
lithium_carbonate,LSTM,95.0,91.17647058823529,133027.1875,133027.1875,3.8235294117647034,152363.37009803922
lithium_carbonate,MLP,80.0,98.0392156862745,459001.7634967797,459001.7634967797,18.039215686274503,460357.0970552704
lithium_carbonate,MLP,90.0,100.0,511889.0825128165,511889.0825128165,9.999999999999998,511889.0825128165
lithium_carbonate,MLP,95.0,100.0,519693.02176780347,519693.02176780347,5.000000000000004,519693.02176780347
lithium_carbonate,Proposed Adaptive Decomposition-Routing Ensemble,80.0,20.588235294117645,1975.4682229580358,1975.4682229580358,59.41176470588236,15477.203043835363
lithium_carbonate,Proposed Adaptive Decomposition-Routing Ensemble,90.0,23.52941176470588,2276.772254173062,2276.772254173062,66.47058823529413,26921.39428105702
lithium_carbonate,Proposed Adaptive Decomposition-Routing Ensemble,95.0,100.0,30608.801288895007,30608.801288895007,5.000000000000004,30608.801288895007
lithium_carbonate,RF,80.0,30.392156862745097,4086.000000000058,4086.000000000058,49.60784313725491,41367.264705882204
lithium_carbonate,RF,90.0,52.94117647058824,7107.600000000039,7107.600000000039,37.05882352941177,64845.9921568626
lithium_carbonate,RF,95.0,59.80392156862745,8056.0,8056.0,35.19607843137255,115405.49019607845
lithium_carbonate,Random Walk,80.0,58.82352941176471,2300.0,2300.0,21.176470588235297,19324.50980392157
lithium_carbonate,Random Walk,90.0,66.66666666666666,3200.0,3200.0,23.33333333333334,33876.470588235294
lithium_carbonate,Random Walk,95.0,66.66666666666666,3800.0,3800.0,28.333333333333332,61152.94117647059
lithium_carbonate,SVR,80.0,94.11764705882352,99549.78642554388,99549.78642554388,14.117647058823524,100561.43520011129
lithium_carbonate,SVR,90.0,99.01960784313727,100757.68430843085,100757.68430843085,9.019607843137257,102304.69931623223
lithium_carbonate,SVR,95.0,99.01960784313727,101553.06040860646,101553.06040860646,4.019607843137263,104491.13432613554
lithium_carbonate,VMD-ARIMA,80.0,32.35294117647059,28766.64431298979,28766.64431298979,47.64705882352941,273870.4331927018
lithium_carbonate,VMD-ARIMA,90.0,50.0,34484.8840692199,34484.8840692199,40.0,489949.81853000855
lithium_carbonate,VMD-ARIMA,95.0,50.98039215686274,36169.3813431624,36169.3813431624,44.01960784313725,930327.5171237338
lithium_carbonate,VMD-LSTM,80.0,21.568627450980394,11582.890625,11582.890625,58.43137254901961,364660.45955882355
lithium_carbonate,VMD-LSTM,90.0,23.52941176470588,14499.6875,14499.6875,66.47058823529413,698043.0912990196
lithium_carbonate,VMD-LSTM,95.0,25.49019607843137,19649.234375,19649.234375,69.50980392156862,1308998.4929534313
lithium_hydroxide,ARIMA,80.0,16.19047619047619,1.850626037158108,1.850626037158108,63.80952380952382,37.16775397192518
lithium_hydroxide,ARIMA,90.0,17.142857142857142,1.8915702849412241,1.8915702849412241,72.85714285714286,72.1858511350479
lithium_hydroxide,ARIMA,95.0,17.142857142857142,1.9248991743636275,1.9248991743636275,77.85714285714285,141.96115356414856
lithium_hydroxide,CEEMDAN-ARIMA,80.0,0.0,31.295181722137954,31.295181722137954,80.0,769.4345401017912
lithium_hydroxide,CEEMDAN-ARIMA,90.0,0.0,40.98789086978468,40.98789086978468,90.0,1420.339516152624
lithium_hydroxide,CEEMDAN-ARIMA,95.0,0.0,46.09990614948107,46.09990614948107,95.0,2702.5628511212312
lithium_hydroxide,CEEMDAN-LSTM,80.0,11.428571428571429,3.3321363449096673,3.3321363449096673,68.57142857142857,43.334154020036976
lithium_hydroxide,CEEMDAN-LSTM,90.0,48.57142857142857,5.840638275146487,5.840638275146487,41.42857142857143,68.94597820463635
lithium_hydroxide,CEEMDAN-LSTM,95.0,55.23809523809524,12.171042251586915,12.171042251586915,39.76190476190475,80.86017313276018
lithium_hydroxide,ELM,80.0,2.857142857142857,0.5713529488534341,0.5713529488534341,77.14285714285715,27.637060409460965
lithium_hydroxide,ELM,90.0,7.6190476190476195,0.7582305609663855,0.7582305609663855,82.38095238095238,53.133316599238235
lithium_hydroxide,ELM,95.0,15.238095238095239,1.4188192343782795,1.4188192343782795,79.76190476190476,94.57181272535962
lithium_hydroxide,ES,80.0,18.095238095238095,1.8027891792279294,1.8027891792279294,61.904761904761905,36.049297153028455
lithium_hydroxide,ES,90.0,19.047619047619047,1.864734649491595,1.864734649491595,70.95238095238095,69.85317770013243
lithium_hydroxide,ES,95.0,20.0,1.9051669762168544,1.9051669762168544,75.0,137.22945197904556
lithium_hydroxide,Fixed VMD-LASSO-ARIMA/LSTM,80.0,0.0,2.7409119918338085,2.7409119918338085,80.0,45.320291938267985
lithium_hydroxide,Fixed VMD-LASSO-ARIMA/LSTM,90.0,0.0,2.944790439032225,2.944790439032225,90.0,86.06476585991642
lithium_hydroxide,Fixed VMD-LASSO-ARIMA/LSTM,95.0,1.9047619047619049,3.0547361173427845,3.0547361173427845,93.09523809523809,167.10940120535784
lithium_hydroxide,LSTM,80.0,6.666666666666667,1.6457733917236348,1.6457733917236348,73.33333333333334,13.954049555460603
lithium_hydroxide,LSTM,90.0,61.904761904761905,4.397807235717776,4.397807235717776,28.095238095238095,11.766091893513982
lithium_hydroxide,LSTM,95.0,99.04761904761905,8.69969444274902,8.69969444274902,4.047619047619055,8.770069649105977
lithium_hydroxide,MLP,80.0,0.0,4.077829839729592,4.077829839729592,80.0,36.69735525025971
lithium_hydroxide,MLP,90.0,1.9047619047619049,4.648498441258379,4.648498441258379,88.09523809523809,64.21369341789344
lithium_hydroxide,MLP,95.0,2.857142857142857,4.734522695109909,4.734522695109909,92.14285714285714,122.18721317183298
lithium_hydroxide,Proposed Adaptive Decomposition-Routing Ensemble,80.0,51.42857142857142,0.39606900675407164,0.39606900675407164,28.57142857142858,1.418197754655581
lithium_hydroxide,Proposed Adaptive Decomposition-Routing Ensemble,90.0,56.19047619047619,0.4632684646390217,0.4632684646390217,33.80952380952381,2.202827485800647
lithium_hydroxide,Proposed Adaptive Decomposition-Routing Ensemble,95.0,100.0,1.727535838602846,1.727535838602846,5.000000000000004,1.727535838602846
lithium_hydroxide,RF,80.0,37.142857142857146,1.0854847619047692,1.0854847619047692,42.85714285714286,7.933151700680267
lithium_hydroxide,RF,90.0,41.904761904761905,1.4148000000000027,1.4148000000000027,48.095238095238095,13.127314285714291
lithium_hydroxide,RF,95.0,42.857142857142854,1.4913999999999987,1.4913999999999987,52.14285714285714,24.036466666666712
lithium_hydroxide,Random Walk,80.0,55.23809523809524,0.10000000000000142,0.10000000000000142,24.761904761904763,2.1190476190476173
lithium_hydroxide,Random Walk,90.0,60.952380952380956,0.17999999999999972,0.17999999999999972,29.047619047619044,3.8752380952380965
lithium_hydroxide,Random Walk,95.0,94.28571428571428,1.7600000000000011,1.7600000000000011,0.7142857142857117,4.697142857142859
lithium_hydroxide,SVR,80.0,14.285714285714285,7.96296005714063,7.96296005714063,65.71428571428572,23.494699892634483
lithium_hydroxide,SVR,90.0,42.857142857142854,9.513733190334731,9.513733190334731,47.142857142857146,29.04399943192821
lithium_hydroxide,SVR,95.0,44.761904761904766,9.622291871971667,9.622291871971667,50.23809523809524,47.468217203428175
lithium_hydroxide,VMD-ARIMA,80.0,2.857142857142857,3.0816637160193388,3.0816637160193388,77.14285714285715,44.24609362108817
lithium_hydroxide,VMD-ARIMA,90.0,13.333333333333334,3.3705721178592323,3.3705721178592323,76.66666666666667,83.04355869631908
lithium_hydroxide,VMD-ARIMA,95.0,14.285714285714285,3.5189166627705433,3.5189166627705433,80.71428571428572,160.3034910836949
lithium_hydroxide,VMD-LSTM,80.0,10.476190476190476,2.611928176879882,2.611928176879882,69.52380952380953,42.67726514907111
lithium_hydroxide,VMD-LSTM,90.0,19.047619047619047,3.2271453094482436,3.2271453094482436,70.95238095238095,78.19680582318986
lithium_hydroxide,VMD-LSTM,95.0,55.23809523809524,8.63389091491699,8.63389091491699,39.76190476190475,102.67081592014857
