Company,Model,RMSE,MAE,MASE,MAPE,Directional Accuracy
Albemarle,ARIMA,4.322053863639846,3.114973452569102,1.003037387834959,2.655155922042125,48.06408544726302
Albemarle,CEEMDAN-LSTM,11.81151080633166,8.865190418706142,2.854636668862992,7.335937275556785,47.9305740987984
Albemarle,Dynamic Selected,4.32755162320819,3.160326691965248,1.017641362946286,2.69821850251703,48.46461949265687
Albemarle,Elastic Net,4.29181232985655,3.102447025954573,0.99900381438027,2.642706555732817,48.865153538050734
Albemarle,GRU,6.816686318297146,5.088410151110238,1.638494100806234,4.248671038861868,49.66622162883845
Albemarle,Histogram Gradient Boosting,4.622748112159754,3.372545853455551,1.0859770186528208,2.8389540638792266,48.06408544726302
Albemarle,LASSO,4.29181232985655,3.102447025954573,0.99900381438027,2.642706555732817,48.865153538050734
Albemarle,LSTM,7.211854306460144,5.494081006513993,1.769122191645775,4.564599936979631,50.60080106809078
Albemarle,LightGBM,4.900063240253441,3.555301950519298,1.14482541688188,2.942430296345388,49.799732977303066
Albemarle,Random Forest,4.598257111190494,3.338973373304474,1.0751665082884057,2.842792290052817,47.9305740987984
Albemarle,Random Walk,4.2975811491271845,3.1048800000000005,0.9997872444699174,2.644948891917331,47.79706275033378
Albemarle,Random Walk + Drift,4.299032122759242,3.1064272335849417,1.0002854615998675,2.646087023393174,47.79706275033378
Albemarle,Selected ARX,4.309384246541146,3.1219801483019496,1.0052935797069742,2.666351975155996,48.598130841121495
Albemarle,VMD-GRU,11.099094859151364,7.688629048019689,2.4757778882504216,6.072046082945417,49.39919893190921
Albemarle,VMD-LASSO-ARX/LSTM,10.652939008520391,7.861547510590269,2.531458517843647,6.695198829530067,47.396528704939925
Albemarle,VMD-LSTM,10.893929119741848,7.460900690177312,2.40244819197395,6.099892998251802,48.46461949265687
Albemarle,XGBoost,4.511840559797694,3.2965007641601565,1.0614901108553825,2.771959409081925,49.93324432576769
Anglo American,ARIMA,0.7878235728134735,0.5656191424301048,1.0042401215554837,1.8608011909294448,50.467289719626166
Anglo American,CEEMDAN-LSTM,1.7262706326007078,1.344975529505389,2.3879644232630435,4.485360663150944,52.46995994659546
Anglo American,Dynamic Selected,0.7971941648451241,0.570945812529939,1.0136974673687127,1.8737439220874497,51.00133511348465
Anglo American,Elastic Net,0.7833816639782043,0.5631386909077329,0.9998361529634076,1.8494871509543096,50.33377837116155
Anglo American,GRU,1.1027108663857117,0.8328165076363554,1.4786411705744151,2.7974617384158083,48.99866488651535
Anglo American,Histogram Gradient Boosting,0.82692724882012,0.5951030083364435,1.0565878567373177,1.9501693632139951,51.53538050734312
Anglo American,LASSO,0.7833816639782043,0.5631386909077329,0.9998361529634076,1.8494871509543096,50.33377837116155
Anglo American,LSTM,1.2443343499342934,0.9504889391041924,1.687565105456256,3.1501415119820395,48.73164218958612
Anglo American,LightGBM,0.8444639705746375,0.6215907692023998,1.103616095699452,2.046283035283257,50.86782376502003
Anglo American,Random Forest,0.8334242382861089,0.6102530873536348,1.083486375638982,2.013586875160798,50.734312416555404
Anglo American,Random Walk,0.7836980711132742,0.5627466666666666,0.9991401254742924,1.8500238825847437,50.33377837116155
Anglo American,Random Walk + Drift,0.7838162737708634,0.562795524868357,0.9992268717717988,1.850012055181227,50.33377837116155
Anglo American,Selected ARX,0.7831795669658107,0.5621884194329241,0.9981489739594002,1.8477310796721227,50.33377837116155
Anglo American,VMD-GRU,1.303288828321573,1.0252498860662276,1.8203009639744017,3.459994786789554,49.53271028037384
Anglo American,VMD-LASSO-ARX/LSTM,1.7407363975919177,1.3104671956260887,2.326695893239932,4.318666845052987,53.67156208277704
Anglo American,VMD-LSTM,1.45807211149452,1.1245747396363168,1.9966493149056697,3.7214405837716624,48.06408544726302
Anglo American,XGBoost,0.8100909696141052,0.5822523681640625,1.033771923752213,1.921724093800705,50.467289719626166
BHP Group,ARIMA,0.4653378494200689,0.3517596919750109,0.9931133616861958,1.2234990479178016,51.4018691588785
BHP Group,CEEMDAN-LSTM,1.2526168307065155,0.9754506030887112,2.753962576420143,3.40621752070878,51.00133511348465
BHP Group,Dynamic Selected,0.4761341724821699,0.3619208283633126,1.0218010156367658,1.2560168085269776,51.53538050734312
BHP Group,Elastic Net,0.4693093845884885,0.3546600174638915,1.0013017700284763,1.2307579847048735,49.799732977303066
BHP Group,GRU,0.7382786445035076,0.52720926761374,1.4884552722123534,1.816503686185453,51.53538050734312
BHP Group,Histogram Gradient Boosting,0.6810501025849602,0.4111082163278024,1.1606704009825086,1.384619084428982,49.66622162883845
BHP Group,LASSO,0.4693093845884885,0.3546600174638915,1.0013017700284763,1.2307579847048735,49.799732977303066
BHP Group,LSTM,0.9021313290180468,0.6305624481268505,1.780249434198449,2.1530697379333947,48.73164218958612
BHP Group,LightGBM,0.7012448693931637,0.4295793905674041,1.212819553832817,1.4463044974704289,51.66889185580774
BHP Group,Random Forest,0.6403908893863888,0.4103425184922417,1.1585086275648666,1.3916081965063436,50.734312416555404
BHP Group,Random Walk,0.4693803191442948,0.3541213333333334,0.9997809180946412,1.2298762803036931,49.799732977303066
BHP Group,Random Walk + Drift,0.4694508755406164,0.3541602501509983,0.9998907908643164,1.2299218427761986,49.799732977303066
BHP Group,Selected ARX,0.4696520336325274,0.3548827951124233,1.0019307319717845,1.2329165714100732,50.60080106809078
BHP Group,VMD-GRU,0.9924592684897912,0.7290535887426511,2.0583167340760435,2.494005800419328,51.00133511348465
BHP Group,VMD-LASSO-ARX/LSTM,1.0109987245348522,0.7881365940997042,2.2251241409714155,2.7508809864106776,53.271028037383175
BHP Group,VMD-LSTM,1.1179896696870644,0.7983061222337698,2.2538354871045643,2.716768509424032,49.2656875834446
BHP Group,XGBoost,0.663894991997439,0.4057303878784181,1.1454873273905544,1.3689707937123392,49.93324432576769
Freeport-McMoRan,ARIMA,1.1259009831351,0.8109341751601535,1.010413217098129,1.878746727346916,48.99866488651535
Freeport-McMoRan,CEEMDAN-LSTM,2.5556471026971352,1.939121370639176,2.416119485979628,4.502731676650512,50.734312416555404
Freeport-McMoRan,Dynamic Selected,1.1379092878519756,0.8212675770736149,1.0232884987063882,1.9051812790203104,48.598130841121495
Freeport-McMoRan,Elastic Net,1.122232249006384,0.8044862508364281,1.0023791889869644,1.8616541147503105,47.396528704939925
Freeport-McMoRan,GRU,2.2399750387995803,1.4944625840744912,1.862080540765557,3.2448508018964115,46.46194926568759
Freeport-McMoRan,Histogram Gradient Boosting,1.852374121911882,1.1360809221342585,1.4155417475046983,2.451377798440489,47.66355140186916
Freeport-McMoRan,LASSO,1.122232249006384,0.8044862508364281,1.0023791889869644,1.8616541147503105,47.396528704939925
Freeport-McMoRan,LSTM,2.3509495825108555,1.6871361050093026,2.102149190109283,3.7384753539628734,47.66355140186916
Freeport-McMoRan,LightGBM,1.808914603693275,1.1457151320469383,1.427545845161758,2.495762481280573,46.19492656875834
Freeport-McMoRan,Random Forest,1.660091063568865,1.0612364579407012,1.322286538679811,2.339557325255096,47.2630173564753
Freeport-McMoRan,Random Walk,1.1213073322391738,0.8018933333333335,0.9991484481990892,1.857953677367872,47.396528704939925
Freeport-McMoRan,Random Walk + Drift,1.121464590076208,0.8019670763252045,0.999240330988022,1.85809656918173,47.396528704939925
Freeport-McMoRan,Selected ARX,1.1218359504270337,0.8016676229681983,0.9988672160804358,1.8571787726684683,47.53004005340454
Freeport-McMoRan,VMD-GRU,2.189733299687221,1.6056970761609113,2.00067724126732,3.635950593064442,47.66355140186916
Freeport-McMoRan,VMD-LASSO-ARX/LSTM,1.8235458404407257,1.403542090995906,1.7487948133592133,3.268939650766907,48.46461949265687
Freeport-McMoRan,VMD-LSTM,2.2408696484618096,1.630267053212981,2.031291106507746,3.72661758714215,50.60080106809078
Freeport-McMoRan,XGBoost,1.6953847154486388,1.0513686683146155,1.3099914038006188,2.3056932275664908,46.46194926568759
Ganfeng Lithium,ARIMA,0.1965185920455248,0.1304968969481066,1.0083997999894416,2.040822185006093,42.72363150867824
Ganfeng Lithium,CEEMDAN-LSTM,0.5326124277136187,0.3889863458865149,3.0058473616163366,6.0428129672496524,44.85981308411215
Ganfeng Lithium,Dynamic Selected,0.1992231766547039,0.1316454600260096,1.017275189405737,2.059614586931303,44.726301735647525
Ganfeng Lithium,Elastic Net,0.1957650500649138,0.1294277533826001,1.0001381157438347,2.0268910963268456,44.05874499332443
Ganfeng Lithium,GRU,0.2917344986069786,0.207697973467049,1.6049622619430666,3.2823649768054555,43.79172229639519
Ganfeng Lithium,Histogram Gradient Boosting,0.232838627559673,0.155734409971271,1.203419786517628,2.3947909421354185,42.323097463284384
Ganfeng Lithium,LASSO,0.1957650500649138,0.1294277533826001,1.0001381157438347,2.0268910963268456,44.05874499332443
Ganfeng Lithium,LSTM,0.3031142922691164,0.2219552368927444,1.7151336294092616,3.5619674659494285,43.65821094793058
Ganfeng Lithium,LightGBM,0.2483216341337632,0.1687978085235972,1.304365700140283,2.595413924306394,43.79172229639519
Ganfeng Lithium,Random Forest,0.2221649701580645,0.1524935763483801,1.1783766164994025,2.368700910629629,44.85981308411215
Ganfeng Lithium,Random Walk,0.1961844778093653,0.1295813333333333,1.001324887193759,2.026116543949764,47.2630173564753
Ganfeng Lithium,Random Walk + Drift,0.1962229749077484,0.1298607736218029,1.003484229964291,2.030815887839439,46.99599465954606
Ganfeng Lithium,Selected ARX,0.1972574488613749,0.1335583980465232,1.0320571984986058,2.0938770574046104,42.590120160213615
Ganfeng Lithium,VMD-GRU,0.3805246408284291,0.2756792947666321,2.130280123169898,4.276333417647866,43.25767690253672
Ganfeng Lithium,VMD-LASSO-ARX/LSTM,0.5824929146306461,0.3869335579317959,2.989984678201094,6.124258854041407,46.728971962616825
Ganfeng Lithium,VMD-LSTM,0.3499364058454441,0.2481422767891067,1.9174909759161929,3.956837870148637,43.925233644859816
Ganfeng Lithium,XGBoost,0.2293630589494786,0.1521314135386148,1.1755780449358495,2.34284721660646,42.85714285714285
Glencore,ARIMA,0.1057026292855514,0.0787787787332954,1.0052011119333115,1.5407741121393217,47.9305740987984
Glencore,CEEMDAN-LSTM,0.298340921894708,0.2261681399463006,2.8858592302830948,4.375701820199611,47.2630173564753
Glencore,Dynamic Selected,0.1065598971401394,0.0797575209994679,1.017689663165916,1.5588337220169552,48.865153538050734
Glencore,Elastic Net,0.1057954092552055,0.0786237124769804,1.003222498202844,1.5370785085632552,48.46461949265687
Glencore,GRU,0.1490709804981781,0.1168733818107701,1.4912804595425877,2.2993578704108906,46.99599465954606
Glencore,Histogram Gradient Boosting,0.1118926505400731,0.0838561664365727,1.0699875410594808,1.6318348420437598,48.598130841121495
Glencore,LASSO,0.1057954092552055,0.0786237124769804,1.003222498202844,1.5370785085632552,48.46461949265687
Glencore,LSTM,0.176845059473386,0.1383171892815626,1.7648990591238245,2.7115170324555136,44.99332443257677
Glencore,LightGBM,0.1199886994845981,0.0891881617841937,1.1380227116781725,1.7355391893858676,49.799732977303066
Glencore,Random Forest,0.1175763855554229,0.0894690895400898,1.1416072924134957,1.742865688531231,47.53004005340454
Glencore,Random Walk,0.1055607250196145,0.0784133333333333,1.0005381033376024,1.53452765687808,46.46194926568759
Glencore,Random Walk + Drift,0.1055843791477441,0.0784906256486969,1.0015243374808154,1.5361123914450354,46.5954606141522
Glencore,Selected ARX,0.1056346648116864,0.0785674826179536,1.0025050166967016,1.5364704746103102,48.99866488651535
Glencore,VMD-GRU,0.2216676196082934,0.1732673787345565,2.2108563316955183,3.421964110626472,47.12950600801068
Glencore,VMD-LASSO-ARX/LSTM,0.1814558952134046,0.1424403584422833,1.8175098547173576,2.80394924073203,47.53004005340454
Glencore,VMD-LSTM,0.2333839921198362,0.179449028173479,2.289732914824885,3.5463147975857283,47.396528704939925
Glencore,XGBoost,0.1115167002961041,0.0832101691818237,1.0617447481497568,1.6209369319098503,48.865153538050734
Rio Tinto,ARIMA,1.355454819458968,1.0281592603084857,0.997793823183788,1.266037751849464,53.271028037383175
Rio Tinto,CEEMDAN-LSTM,3.285850533682955,2.5777826664397416,2.501650980911348,3.1537321731963464,51.13484646194927
Rio Tinto,Dynamic Selected,1.363919482332685,1.0327099248134612,1.0022100893302253,1.270465859002167,52.60347129506008
Rio Tinto,Elastic Net,1.363231063822162,1.0323207929179052,1.0018324499733875,1.2696164793592517,51.802403204272366
Rio Tinto,GRU,3.109224696586852,1.9174631842079373,1.8608332339592577,2.222650300503909,51.13484646194927
Rio Tinto,Histogram Gradient Boosting,2.7182487542301,1.5827976585431822,1.5360516488178102,1.8082269408793896,46.728971962616825
Rio Tinto,LASSO,1.363231063822162,1.0323207929179052,1.0018324499733875,1.2696164793592517,51.802403204272366
Rio Tinto,LSTM,3.2267401249518914,2.184539764150529,2.120022030939809,2.578754005126389,52.46995994659546
Rio Tinto,LightGBM,2.807162265091018,1.6767593649729249,1.6272383101753862,1.924844450889688,46.5954606141522
Rio Tinto,Random Forest,2.182566730353845,1.432501544397749,1.3901943481717565,1.678341611287517,49.93324432576769
Rio Tinto,Random Walk,1.3608416395745684,1.029448,0.999044501511092,1.2674398857055138,51.802403204272366
Rio Tinto,Random Walk + Drift,1.3609659495256652,1.029468743862111,0.9990646327283872,1.2674914896687095,51.802403204272366
Rio Tinto,Selected ARX,1.359390134855968,1.0311775220318322,1.000722944206735,1.2703587190328125,52.46995994659546
Rio Tinto,VMD-GRU,3.14724356841516,2.1718105030409407,2.107668713123043,2.5646882741281303,51.802403204272366
Rio Tinto,VMD-LASSO-ARX/LSTM,2.2555892170366305,1.7324097724373702,1.6812451503306984,2.133817326325942,50.86782376502003
Rio Tinto,VMD-LSTM,3.402690318737646,2.335813865231174,2.266828434862738,2.760248722421031,50.467289719626166
Rio Tinto,XGBoost,2.240221324701717,1.4249458967285151,1.3828618473953185,1.6595885395647163,49.39919893190921
Zijin Mining,ARIMA,0.0779019497574165,0.0494161021134555,1.008876726966571,1.88131255550804,48.33110814419226
Zijin Mining,CEEMDAN-LSTM,0.261326386727577,0.1673722910957741,3.4170645195348617,5.9686574579639,49.2656875834446
Zijin Mining,Dynamic Selected,0.0776788081326514,0.0493263707018241,1.007044774849729,1.8793490077195008,48.598130841121495
Zijin Mining,Elastic Net,0.0774557856463561,0.0492476449740363,1.0054375142366558,1.872937333321826,48.865153538050734
Zijin Mining,GRU,0.3346888709679226,0.2132819003521972,4.354352859610609,7.007110232051852,50.06675567423231
Zijin Mining,Histogram Gradient Boosting,0.2512689238036594,0.138858472793515,2.834927797863532,4.575467077752314,34.979973297730304
Zijin Mining,LASSO,0.0774557856463561,0.0492476449740363,1.0054375142366558,1.872937333321826,48.865153538050734
Zijin Mining,LSTM,0.3187554428403117,0.1970156659120574,4.022262211822127,6.616091560373154,50.20026702269693
Zijin Mining,LightGBM,0.236252517669149,0.133997747863114,2.7356914751117127,4.509359276289024,36.18157543391188
Zijin Mining,Random Forest,0.1778388620893557,0.1002204011438192,2.046094814380792,3.438332454819078,42.99065420560748
Zijin Mining,Random Walk,0.0772345950119935,0.0489799999999999,0.9999732875201304,1.8628200571024287,46.19492656875834
Zijin Mining,Random Walk + Drift,0.0772115815131149,0.0489892072107923,1.0001612614859317,1.863795008071059,46.32843791722296
Zijin Mining,Selected ARX,0.0775834173218974,0.049329058489215,1.0070996485858152,1.873565147468748,48.73164218958612
Zijin Mining,VMD-GRU,0.3159591690570497,0.1987012020163051,4.056674034594655,6.645477089011649,50.734312416555404
Zijin Mining,VMD-LASSO-ARX/LSTM,0.2071112620991149,0.1287062565985782,2.627660647923434,4.881190961333807,45.92790387182911
Zijin Mining,VMD-LSTM,0.2792950617621082,0.1719653123528105,3.51083541716754,5.778756290843769,50.06675567423231
Zijin Mining,XGBoost,0.2079469321354157,0.1200439606361389,2.4508116366732744,4.111480602462699,41.52202937249666
