Target,Model,Model Class,Scored Rows,RMSE,MAE,MASE,MAPE,Directional Accuracy,sMAPE
lithium_carbonate,ARIMA,Single,136,78681.68743609956,73251.75167917754,36.61231572265444,71.07730157376172,54.074074074074076,50.77796404873619
lithium_carbonate,CEEMDAN-ARIMA,Decomposition,136,1524218.4690079188,1234668.3358543317,617.1056102937235,1034.9452544879248,54.074074074074076,144.9875130817872
lithium_carbonate,CEEMDAN-LSTM,Decomposition,136,49723.853896391534,35413.27803308824,17.700083430088522,26.78784623655921,48.148148148148145,34.276288877701205
lithium_carbonate,ELM,Single,136,62735.328232382795,56556.02314736894,28.26754211364237,52.40193812067646,52.59259259259259,75.08603828685342
lithium_carbonate,ES,Single,136,200389.44311562247,180382.862205525,90.15803923637861,165.3456351946003,54.074074074074076,86.53490922538873
lithium_carbonate,Fixed VMD-LASSO-ARIMA/LSTM,Decomposition,136,42074.70729573788,30056.559258168876,15.02271566032135,22.88270929051448,53.333333333333336,28.007130289123268
lithium_carbonate,LSTM,Single,136,49695.178370234586,45537.06094898897,22.760100807528723,52.05742848335666,48.888888888888886,38.90242329663706
lithium_carbonate,MLP,Single,136,169207.64000073608,158115.97897808166,79.02871959289529,159.23524994481866,40.74074074074074,183.22143226944297
lithium_carbonate,Proposed Adaptive Decomposition-Routing Ensemble,Decomposition,136,2916.2054127216634,1985.0657783949189,0.9921654205231912,1.7572800401331918,74.81481481481481,1.7647617486292726
lithium_carbonate,RF,Single,136,6887.048074322777,4510.819485294121,2.2545747149748463,3.7596976746945066,65.92592592592592,3.8121523928577314
lithium_carbonate,Random Walk,Robustness,136,3497.383475753065,1991.1764705882354,0.9952196354291435,1.5285406511042794,74.81481481481481,1.537314951720337
lithium_carbonate,SVR,Single,136,38028.967246698405,35982.860481779244,17.984769215254335,38.73738688327433,52.59259259259259,32.66127699292575
lithium_carbonate,VMD-ARIMA,Decomposition,136,41142.4203949577,28691.759920836506,14.34056863870021,21.469216435995488,50.37037037037037,26.279391956663883
lithium_carbonate,VMD-LSTM,Decomposition,136,45802.83655631826,31188.39682904412,15.588424923809532,22.88824761082061,15.555555555555555,28.919837536605275
lithium_hydroxide,ARIMA,Single,141,5.011309159669207,3.4810176878445658,19.126470812227694,22.285492605726898,35.0,27.56156696417914
lithium_hydroxide,CEEMDAN-ARIMA,Decomposition,141,8.212861195716854,5.463488112692028,30.019165454186872,37.97559974116339,31.428571428571427,35.36552696326869
lithium_hydroxide,CEEMDAN-LSTM,Decomposition,141,6.059529243764871,4.668150402096147,25.649178033354392,32.17456923161481,31.428571428571427,40.48797614240462
lithium_hydroxide,ELM,Single,141,3.234713419777253,2.278080980080391,12.5169284619114,15.223909985419512,22.142857142857142,17.49641758820799
lithium_hydroxide,ES,Single,141,4.894773789714245,3.371968269582996,18.52729818442016,21.47463467713627,35.0,26.450893784297158
lithium_hydroxide,Fixed VMD-LASSO-ARIMA/LSTM,Decomposition,141,5.996677937301636,4.54994914589236,24.999720581688802,30.852540467983818,28.57142857142857,39.38575325812746
lithium_hydroxide,LSTM,Single,141,1.9787622945690853,1.602820473528923,8.80670589846218,12.10329036252333,33.57142857142857,11.223923584933747
lithium_hydroxide,MLP,Single,141,4.895139201867016,4.283927422062396,23.538062758455272,32.71625966152815,37.142857142857146,27.533553420936535
lithium_hydroxide,Proposed Adaptive Decomposition-Routing Ensemble,Decomposition,141,0.2765732690405131,0.19952867985849018,1.0963114277878787,1.509311177502221,42.857142857142854,1.520442024781549
lithium_hydroxide,RF,Single,141,1.2568970435470177,0.8806692637622457,4.838842108557182,6.08078133771223,33.57142857142857,5.845536116684881
lithium_hydroxide,Random Walk,Robustness,141,0.5496001125254101,0.181063829787234,0.9948562076166989,1.1922744558908598,41.42857142857143,1.2407706404087389
lithium_hydroxide,SVR,Single,141,5.039392873130928,4.544954815557474,24.97227920622254,39.12286382119664,30.0,31.183214310937725
lithium_hydroxide,VMD-ARIMA,Decomposition,141,6.021764623807283,4.577620512438263,25.151761057214905,31.078570353447233,24.285714285714285,39.71746039966003
lithium_hydroxide,VMD-LSTM,Decomposition,141,5.825693924855029,4.354892694459739,23.927981837559408,29.349164357092956,28.57142857142857,36.97049370035338
