Target,Candidate,Method,Configured Modes,Returned Component,VMD Alpha,Selected Route,Development RMSE,Development MAE,Selection Score,ARIMA Order,Selected Feature Count,Selected Features
albemarle_equity,VMD-K7-A1500,VMD,7,1,1500.0,RF,1.0331980800915037,0.7920835575373562,0.22309385932348302,,3,target_1 | Lithium_Hydroxide_Close | target_2
albemarle_equity,VMD-K7-A1500,VMD,7,2,1500.0,ARIMA,0.7079493392954561,0.1113113831310984,0.12351938224816449,"(1, 1, 1)",5,target_1 | USD_CNY | SP500 | VIX | Trends_lithium_hydroxide
albemarle_equity,VMD-K7-A1500,VMD,7,3,1500.0,ARIMA,0.3020418770501544,0.05987043116250471,0.10568478394095004,"(5, 0, 4)",8,target_1 | target_3 | USD_CNY | VIX | News_TextBlob_Polarity | Trends_lithium_carbonate | Lithium_Hydroxide_Close | News_FinBERT_Score
albemarle_equity,VMD-K7-A1500,VMD,7,4,1500.0,ARIMA,0.07221944856838666,0.04122538478214643,0.06513714267404419,"(5, 0, 5)",11,target_1 | target_2 | target_4 | Trends_lithium_carbonate | target_5 | Ganfeng_Lithium_Close | USD_CNY | Shanghai_Composite | VIX | News_TextBlob_Polarity | News_FinBERT_Score
albemarle_equity,VMD-K7-A1500,VMD,7,5,1500.0,ARIMA,0.12792564279995666,0.06604597927149267,0.21091684565823332,"(4, 0, 3)",12,target_2 | target_1 | target_3 | target_4 | target_5 | MVIS_Critical_Minerals | Lithium_Hydroxide_Close | SP500 | US_Dollar_Index | News_Article_Count | Trends_lithium_hydroxide | USD_CNY
albemarle_equity,VMD-K7-A1500,VMD,7,6,1500.0,ARIMA,0.05758596054202988,0.042007349399822584,0.1533619256141396,"(5, 0, 2)",12,target_1 | target_2 | target_5 | target_4 | target_3 | MVIS_Critical_Minerals | Lithium_Hydroxide_Close | SP500 | VIX | News_TextBlob_Polarity | US_Dollar_Index | News_FinBERT_Score
albemarle_equity,VMD-K7-A1500,VMD,7,7,1500.0,ARIMA,0.05448043379615853,0.029966275965153485,0.1306409969344584,"(2, 0, 2)",11,target_1 | target_2 | MVIS_Critical_Minerals | target_5 | Lithium_Carbonate_Close | SP500 | VIX | US_Dollar_Index | News_TextBlob_Polarity | News_Article_Count | News_FinBERT_Score
albemarle_equity,VMD-K7-A1500,VMD,7,8,1500.0,ARIMA,1.0013076343226048,0.7723548572458098,1.1175307793563058,"(0, 0, 1)",4,target_1 | target_2 | target_5 | target_3
albemarle_equity,VMD-K7-A3000,VMD,7,1,3000.0,RF,0.5217555393373584,0.4305652006527104,0.17971567590065407,,3,target_1 | Lithium_Hydroxide_Close | target_2
albemarle_equity,VMD-K7-A3000,VMD,7,2,3000.0,ARIMA,1.3682063252675685,0.1624498960941286,0.2671935975395916,"(1, 2, 3)",5,target_1 | USD_CNY | SP500 | VIX | Trends_lithium_hydroxide
albemarle_equity,VMD-K7-A3000,VMD,7,3,3000.0,RF,0.3205768447550083,0.2584655974705304,0.13345063853431446,,9,target_1 | target_3 | USD_CNY | News_TextBlob_Polarity | Trends_lithium_carbonate | VIX | News_Article_Count | Lithium_Hydroxide_Close | News_FinBERT_Score
albemarle_equity,VMD-K7-A3000,VMD,7,4,3000.0,ARIMA,0.10558946597868274,0.04958398061901324,0.1925776234668313,"(5, 0, 5)",11,target_2 | target_1 | target_5 | MVIS_Critical_Minerals | Lithium_Hydroxide_Close | SP500 | Trends_lithium_hydroxide | VIX | News_Article_Count | USD_CNY | News_FinBERT_Score
albemarle_equity,VMD-K7-A3000,VMD,7,5,3000.0,ARIMA,0.06347662448543302,0.04003186819469329,0.30376718771477185,"(5, 0, 5)",12,target_2 | target_4 | target_3 | target_5 | target_1 | VIX | MVIS_Critical_Minerals | SP500 | News_FinBERT_Score | News_TextBlob_Polarity | USD_CNY | News_Article_Count
albemarle_equity,VMD-K7-A3000,VMD,7,6,3000.0,ARIMA,0.04919984510714269,0.03664087909046511,0.233114546805632,"(4, 0, 5)",13,target_2 | target_1 | target_5 | target_3 | MVIS_Critical_Minerals | VIX | SP500 | Lithium_Carbonate_Close | Trends_lithium_hydroxide | USD_CNY | News_TextBlob_Polarity | Trends_lithium | News_Article_Count
albemarle_equity,VMD-K7-A3000,VMD,7,7,3000.0,ARIMA,0.038542606153973334,0.028757284542259526,0.11446342443499512,"(5, 0, 4)",13,target_1 | target_2 | target_4 | MVIS_Critical_Minerals | SP500 | VIX | Lithium_Carbonate_Close | News_TextBlob_Polarity | Trends_lithium_hydroxide | US_Dollar_Index | News_FinBERT_Score | News_Article_Count | Lithium_Hydroxide_Close
albemarle_equity,VMD-K7-A3000,VMD,7,8,3000.0,RF,1.4566145114733744,1.1048315549077588,0.8447868978814972,,12,target_1 | target_3 | target_4 | target_5 | target_2 | VIX | US_Dollar_Index | MVIS_Critical_Minerals | Shanghai_Composite | News_TextBlob_Polarity | News_Article_Count | Trends_lithium_hydroxide
albemarle_equity,VMD-K7-A4500,VMD,7,1,4500.0,RF,1.608435635933622,1.3009330489378892,1.430468634561005,,8,target_1 | Lithium_Carbonate_Close | target_3 | target_2 | target_4 | target_5 | USD_CNY | Lithium_Hydroxide_Close
albemarle_equity,VMD-K7-A4500,VMD,7,2,4500.0,ARIMA,2.6915862174974547,0.3574401775703054,0.5960295296457705,"(2, 2, 3)",3,target_1 | USD_CNY | SP500
albemarle_equity,VMD-K7-A4500,VMD,7,3,4500.0,RF,0.22521340951089877,0.1900675460853304,0.10996438506163977,,8,target_1 | target_4 | target_5 | News_TextBlob_Polarity | USD_CNY | Lithium_Hydroxide_Close | Trends_lithium_hydroxide | News_FinBERT_Score
albemarle_equity,VMD-K7-A4500,VMD,7,4,4500.0,ARIMA,0.10029931285422228,0.046092741083672804,0.2225158313582703,"(5, 0, 5)",13,target_2 | target_1 | target_5 | MVIS_Critical_Minerals | Lithium_Hydroxide_Close | SP500 | target_4 | VIX | USD_CNY | News_FinBERT_Score | News_Article_Count | News_TextBlob_Polarity | Trends_lithium_hydroxide
albemarle_equity,VMD-K7-A4500,VMD,7,5,4500.0,RF,0.052730388155813074,0.04205526534362752,0.28080367399275996,,11,target_2 | target_4 | target_3 | target_5 | target_1 | VIX | MVIS_Critical_Minerals | SP500 | News_TextBlob_Polarity | News_FinBERT_Score | USD_CNY
albemarle_equity,VMD-K7-A4500,VMD,7,6,4500.0,ARIMA,0.04012294597051394,0.02971855556201336,0.22668094888404608,"(5, 0, 5)",12,target_2 | target_1 | target_5 | target_3 | MVIS_Critical_Minerals | VIX | SP500 | News_TextBlob_Polarity | USD_CNY | Lithium_Hydroxide_Close | Lithium_Carbonate_Close | Trends_lithium_hydroxide
albemarle_equity,VMD-K7-A4500,VMD,7,7,4500.0,ARIMA,0.034625048422979095,0.02531096969746395,0.1094104086664794,"(5, 0, 3)",10,target_1 | target_2 | VIX | MVIS_Critical_Minerals | SP500 | News_TextBlob_Polarity | News_FinBERT_Score | US_Dollar_Index | Lithium_Hydroxide_Close | News_Article_Count
albemarle_equity,VMD-K7-A4500,VMD,7,8,4500.0,ARIMA,1.6855710746676937,1.2585165764215887,0.7447619958063697,"(3, 0, 1)",13,target_1 | target_3 | target_4 | target_5 | VIX | target_2 | News_Article_Count | Shanghai_Composite | MVIS_Critical_Minerals | US_Dollar_Index | News_FinBERT_Score | News_TextBlob_Polarity | Lithium_Hydroxide_Close
albemarle_equity,VMD-K8-A1500,VMD,8,1,1500.0,RF,1.0014882862641346,0.7769321085138146,0.21881505437573306,,3,target_1 | Lithium_Hydroxide_Close | target_2
albemarle_equity,VMD-K8-A1500,VMD,8,2,1500.0,ARIMA,0.9309996664784412,0.11770591811611386,0.16178188432526108,"(2, 1, 1)",5,target_1 | USD_CNY | SP500 | VIX | Trends_lithium_hydroxide
albemarle_equity,VMD-K8-A1500,VMD,8,3,1500.0,RF,0.3325188241365535,0.26403065572436996,0.1329527883261748,,8,target_1 | target_3 | USD_CNY | VIX | News_TextBlob_Polarity | Trends_lithium_carbonate | News_FinBERT_Score | Lithium_Hydroxide_Close
albemarle_equity,VMD-K8-A1500,VMD,8,4,1500.0,ARIMA,0.06741452286631552,0.03781283698182465,0.06064990452484165,"(5, 0, 3)",11,target_1 | target_2 | target_4 | target_5 | Trends_lithium_carbonate | Ganfeng_Lithium_Close | USD_CNY | Shanghai_Composite | News_TextBlob_Polarity | VIX | News_FinBERT_Score
albemarle_equity,VMD-K8-A1500,VMD,8,5,1500.0,ARIMA,0.14328174968253266,0.07291582066706098,0.22157696771433644,"(4, 0, 4)",12,target_2 | target_1 | target_5 | target_4 | MVIS_Critical_Minerals | Lithium_Hydroxide_Close | SP500 | USD_CNY | US_Dollar_Index | News_FinBERT_Score | VIX | News_Article_Count
albemarle_equity,VMD-K8-A1500,VMD,8,6,1500.0,ARIMA,0.07132074148359191,0.05262495055682073,0.27346404821216524,"(2, 0, 3)",10,target_2 | target_4 | target_1 | target_5 | MVIS_Critical_Minerals | SP500 | VIX | News_FinBERT_Score | US_Dollar_Index | News_TextBlob_Polarity
albemarle_equity,VMD-K8-A1500,VMD,8,7,1500.0,ARIMA,0.050256380688077314,0.03686827136489185,0.13518495763529398,"(2, 0, 5)",15,target_1 | target_2 | target_4 | target_5 | MVIS_Critical_Minerals | Lithium_Hydroxide_Close | SP500 | VIX | US_Dollar_Index | Lithium_Carbonate_Close | News_TextBlob_Polarity | News_FinBERT_Score | News_Article_Count | Trends_lithium_hydroxide | Trends_lithium
albemarle_equity,VMD-K8-A1500,VMD,8,8,1500.0,RF,0.09265589960817266,0.061283212501908664,0.22905350121482315,,11,target_1 | target_2 | target_3 | target_5 | MVIS_Critical_Minerals | Lithium_Carbonate_Close | SP500 | VIX | US_Dollar_Index | News_TextBlob_Polarity | Trends_lithium
albemarle_equity,VMD-K8-A1500,VMD,8,9,1500.0,ARIMA,0.9002115625614581,0.7006830974821542,1.0917845695548696,"(0, 0, 2)",6,target_1 | target_2 | News_Article_Count | VIX | MVIS_Critical_Minerals | target_5
albemarle_equity,VMD-K8-A3000,VMD,8,1,3000.0,RF,0.5520310009548384,0.4723507514708339,0.23315697223096443,,4,target_1 | Lithium_Hydroxide_Close | target_2 | target_3
albemarle_equity,VMD-K8-A3000,VMD,8,2,3000.0,ARIMA,1.6155062686978359,0.1933080679097865,0.3426611134646764,"(1, 2, 1)",3,target_1 | USD_CNY | SP500
albemarle_equity,VMD-K8-A3000,VMD,8,3,3000.0,ARIMA,0.030463497404174023,0.016735185643136506,0.0130884059476327,"(4, 0, 3)",8,target_1 | target_4 | target_3 | News_TextBlob_Polarity | USD_CNY | Lithium_Hydroxide_Close | News_FinBERT_Score | Trends_lithium_carbonate
albemarle_equity,VMD-K8-A3000,VMD,8,4,3000.0,ARIMA,0.10815712781951949,0.03852878290454734,0.09507989204456677,"(4, 0, 5)",13,target_1 | target_2 | target_4 | Trends_lithium_hydroxide | Trends_lithium_carbonate | Ganfeng_Lithium_Close | News_Article_Count | Shanghai_Composite | VIX | USD_CNY | US_Dollar_Index | News_TextBlob_Polarity | News_FinBERT_Score
albemarle_equity,VMD-K8-A3000,VMD,8,5,3000.0,ARIMA,0.11545544689658417,0.05328637838800692,0.22671902511220424,"(5, 0, 3)",10,target_2 | target_1 | target_5 | target_4 | MVIS_Critical_Minerals | SP500 | Lithium_Hydroxide_Close | VIX | USD_CNY | News_FinBERT_Score
albemarle_equity,VMD-K8-A3000,VMD,8,6,3000.0,RF,0.07837441209614165,0.060403716414693165,0.35386113826188875,,11,target_2 | target_4 | target_1 | target_5 | target_3 | SP500 | MVIS_Critical_Minerals | VIX | News_TextBlob_Polarity | News_FinBERT_Score | US_Dollar_Index
albemarle_equity,VMD-K8-A3000,VMD,8,7,3000.0,ARIMA,0.03950421579829093,0.027075229554604372,0.11805981571307314,"(4, 0, 5)",12,target_1 | target_2 | target_4 | target_5 | MVIS_Critical_Minerals | SP500 | Lithium_Hydroxide_Close | VIX | News_TextBlob_Polarity | US_Dollar_Index | News_FinBERT_Score | Trends_lithium_carbonate
albemarle_equity,VMD-K8-A3000,VMD,8,8,3000.0,ARIMA,0.060342310729107326,0.025524314741084363,0.15582381992211883,"(3, 0, 2)",13,target_1 | target_3 | target_2 | target_5 | MVIS_Critical_Minerals | SP500 | VIX | Lithium_Carbonate_Close | US_Dollar_Index | News_TextBlob_Polarity | News_FinBERT_Score | News_Article_Count | Trends_lithium_carbonate
albemarle_equity,VMD-K8-A3000,VMD,8,9,3000.0,ARIMA,1.3086585838787317,0.9950245331153789,0.9277888442714477,"(2, 0, 4)",6,target_1 | target_5 | target_2 | VIX | News_Article_Count | target_3
albemarle_equity,VMD-K8-A4500,VMD,8,1,4500.0,RF,1.6160171531550354,1.302163141903882,1.4549031714064067,,8,target_1 | Lithium_Carbonate_Close | target_3 | target_2 | target_4 | target_5 | USD_CNY | Lithium_Hydroxide_Close
albemarle_equity,VMD-K8-A4500,VMD,8,2,4500.0,ARIMA,2.5285870420552325,0.3266110037580569,0.5592145703710173,"(2, 2, 5)",3,target_1 | USD_CNY | SP500
albemarle_equity,VMD-K8-A4500,VMD,8,3,4500.0,RF,0.21720660406999262,0.18216382151866267,0.10600203770591989,,8,target_1 | target_4 | target_5 | News_TextBlob_Polarity | USD_CNY | Lithium_Hydroxide_Close | Trends_lithium_hydroxide | News_FinBERT_Score
albemarle_equity,VMD-K8-A4500,VMD,8,4,4500.0,ARIMA,0.06878858369450151,0.036505233819382206,0.14576259697223543,"(5, 0, 2)",14,target_2 | target_1 | target_5 | MVIS_Critical_Minerals | target_3 | Lithium_Hydroxide_Close | SP500 | VIX | USD_CNY | News_Article_Count | Lithium_Carbonate_Close | News_TextBlob_Polarity | Trends_lithium_carbonate | US_Dollar_Index
albemarle_equity,VMD-K8-A4500,VMD,8,5,4500.0,ARIMA,0.043119713084414084,0.02964866229764831,0.16513229733427115,"(5, 0, 5)",15,target_2 | target_4 | target_1 | target_3 | MVIS_Critical_Minerals | SP500 | Lithium_Hydroxide_Close | VIX | News_Article_Count | News_TextBlob_Polarity | Lithium_Carbonate_Close | USD_CNY | US_Dollar_Index | Trends_lithium_carbonate | News_FinBERT_Score
albemarle_equity,VMD-K8-A4500,VMD,8,6,4500.0,ARIMA,0.043183555808527736,0.028922690428939822,0.1897664874601701,"(5, 0, 5)",9,target_2 | target_1 | target_5 | target_3 | VIX | Trends_lithium_hydroxide | News_TextBlob_Polarity | MVIS_Critical_Minerals | News_Article_Count
albemarle_equity,VMD-K8-A4500,VMD,8,7,4500.0,ARIMA,0.028134337322795782,0.02141046691651698,0.09098725749618888,"(5, 0, 5)",10,target_1 | target_2 | MVIS_Critical_Minerals | VIX | SP500 | News_TextBlob_Polarity | News_FinBERT_Score | US_Dollar_Index | Lithium_Hydroxide_Close | Trends_lithium_hydroxide
albemarle_equity,VMD-K8-A4500,VMD,8,8,4500.0,ARIMA,0.06616618566765056,0.023933060017866513,0.18200460429392323,"(5, 0, 4)",11,target_1 | target_3 | target_5 | VIX | SP500 | MVIS_Critical_Minerals | News_FinBERT_Score | US_Dollar_Index | News_TextBlob_Polarity | News_Article_Count | Trends_lithium_hydroxide
albemarle_equity,VMD-K8-A4500,VMD,8,9,4500.0,RF,1.4995506325739272,1.1953473981572933,0.6864527855416864,,11,target_1 | target_3 | target_5 | VIX | Shanghai_Composite | target_4 | US_Dollar_Index | News_Article_Count | MVIS_Critical_Minerals | Lithium_Hydroxide_Close | News_FinBERT_Score
albemarle_equity,VMD-K9-A1500,VMD,9,1,1500.0,RF,0.9774702811658611,0.7807682243504002,0.24991140774000806,,4,target_1 | Lithium_Hydroxide_Close | target_3 | target_2
albemarle_equity,VMD-K9-A1500,VMD,9,2,1500.0,ARIMA,0.8394720551575158,0.09631184515080181,0.16627661177031972,"(0, 2, 2)",3,target_1 | USD_CNY | SP500
albemarle_equity,VMD-K9-A1500,VMD,9,3,1500.0,ARIMA,0.16382707723176043,0.0320322361384094,0.07109291386280814,"(2, 0, 4)",3,target_1 | target_5 | Lithium_Hydroxide_Close
albemarle_equity,VMD-K9-A1500,VMD,9,4,1500.0,RF,0.2605253663255338,0.2089188173262947,0.12254637884684791,,8,target_1 | target_3 | VIX | Trends_lithium | USD_CNY | News_Article_Count | News_TextBlob_Polarity | Ganfeng_Lithium_Close
albemarle_equity,VMD-K9-A1500,VMD,9,5,1500.0,ARIMA,0.11143061830523943,0.04179224000302435,0.10799612011823796,"(5, 0, 5)",12,target_1 | target_2 | target_4 | target_5 | Trends_lithium_carbonate | Ganfeng_Lithium_Close | Trends_lithium_hydroxide | USD_CNY | News_Article_Count | Shanghai_Composite | News_TextBlob_Polarity | Lithium_Carbonate_Close
albemarle_equity,VMD-K9-A1500,VMD,9,6,1500.0,ARIMA,0.13854871197328178,0.06067289912431299,0.21948280664204053,"(4, 0, 4)",13,target_2 | target_1 | target_5 | target_4 | MVIS_Critical_Minerals | Lithium_Hydroxide_Close | SP500 | News_FinBERT_Score | VIX | News_TextBlob_Polarity | USD_CNY | News_Article_Count | Trends_lithium_carbonate
albemarle_equity,VMD-K9-A1500,VMD,9,7,1500.0,ARIMA,0.09269377222426377,0.05113125896574167,0.341641085747087,"(5, 0, 5)",11,target_2 | target_4 | target_1 | target_5 | MVIS_Critical_Minerals | VIX | SP500 | News_FinBERT_Score | Lithium_Hydroxide_Close | News_TextBlob_Polarity | US_Dollar_Index
albemarle_equity,VMD-K9-A1500,VMD,9,8,1500.0,ARIMA,0.05288775327706199,0.041899506724249906,0.14413066995905638,"(2, 0, 1)",13,target_1 | target_2 | target_4 | target_5 | MVIS_Critical_Minerals | VIX | SP500 | Lithium_Hydroxide_Close | News_TextBlob_Polarity | US_Dollar_Index | Trends_lithium_hydroxide | News_FinBERT_Score | News_Article_Count
albemarle_equity,VMD-K9-A1500,VMD,9,9,1500.0,ARIMA,0.053158141574604675,0.023442398847233103,0.12530856701596954,"(4, 0, 3)",13,target_1 | target_2 | target_3 | target_5 | MVIS_Critical_Minerals | VIX | SP500 | Lithium_Carbonate_Close | US_Dollar_Index | News_TextBlob_Polarity | Trends_lithium_hydroxide | Lithium_Hydroxide_Close | News_FinBERT_Score
albemarle_equity,VMD-K9-A1500,VMD,9,10,1500.0,ARIMA,0.8267151207428077,0.6474990361308536,1.1238528357318935,"(3, 0, 4)",8,target_1 | target_2 | target_3 | target_5 | target_4 | MVIS_Critical_Minerals | VIX | News_Article_Count
albemarle_equity,VMD-K9-A3000,VMD,9,1,3000.0,RF,0.5682252036727322,0.4824053727789539,0.2459761808605621,,4,target_1 | Lithium_Hydroxide_Close | target_2 | target_3
albemarle_equity,VMD-K9-A3000,VMD,9,2,3000.0,ARIMA,1.5638079121971296,0.18379566684197113,0.3331775449990165,"(1, 2, 2)",3,target_1 | USD_CNY | SP500
albemarle_equity,VMD-K9-A3000,VMD,9,3,3000.0,ARIMA,0.019714342822140594,0.01310539293935349,0.008730270382984741,"(3, 0, 3)",8,target_1 | target_4 | target_3 | News_TextBlob_Polarity | USD_CNY | Lithium_Hydroxide_Close | News_FinBERT_Score | Trends_lithium_carbonate
albemarle_equity,VMD-K9-A3000,VMD,9,4,3000.0,ARIMA,0.12715807620024763,0.03895755911181359,0.10846102794195016,"(4, 0, 5)",13,target_1 | target_2 | target_4 | Trends_lithium_hydroxide | News_Article_Count | Trends_lithium_carbonate | Ganfeng_Lithium_Close | Shanghai_Composite | VIX | USD_CNY | US_Dollar_Index | News_TextBlob_Polarity | News_FinBERT_Score
albemarle_equity,VMD-K9-A3000,VMD,9,5,3000.0,ARIMA,0.10695633270639664,0.04786383191257511,0.20849775999513076,"(5, 0, 5)",12,target_2 | target_1 | target_5 | target_4 | MVIS_Critical_Minerals | Lithium_Hydroxide_Close | SP500 | VIX | USD_CNY | News_FinBERT_Score | News_TextBlob_Polarity | US_Dollar_Index
albemarle_equity,VMD-K9-A3000,VMD,9,6,3000.0,ARIMA,0.06173248315645215,0.038887013546103195,0.29628594416276965,"(5, 0, 3)",11,target_2 | target_4 | target_3 | target_5 | target_1 | MVIS_Critical_Minerals | SP500 | VIX | News_TextBlob_Polarity | News_FinBERT_Score | US_Dollar_Index
albemarle_equity,VMD-K9-A3000,VMD,9,7,3000.0,ARIMA,0.04608533465187059,0.03566360411620273,0.22282782595669995,"(2, 0, 3)",14,target_2 | target_1 | target_5 | target_3 | MVIS_Critical_Minerals | SP500 | VIX | Lithium_Carbonate_Close | News_TextBlob_Polarity | Lithium_Hydroxide_Close | USD_CNY | US_Dollar_Index | News_Article_Count | Trends_lithium_carbonate
albemarle_equity,VMD-K9-A3000,VMD,9,8,3000.0,ARIMA,0.048839037847571626,0.02909721410711827,0.14432732911952667,"(4, 0, 5)",8,target_1 | target_2 | VIX | SP500 | News_TextBlob_Polarity | MVIS_Critical_Minerals | US_Dollar_Index | News_FinBERT_Score
albemarle_equity,VMD-K9-A3000,VMD,9,9,3000.0,ARIMA,0.07127614852133453,0.022928475555703594,0.17979953011538974,"(3, 0, 3)",11,target_1 | target_3 | target_5 | target_2 | VIX | SP500 | MVIS_Critical_Minerals | US_Dollar_Index | News_TextBlob_Polarity | News_Article_Count | News_FinBERT_Score
albemarle_equity,VMD-K9-A3000,VMD,9,10,3000.0,ARIMA,1.141368990279351,0.8775952068228622,0.8320562649551602,"(1, 0, 2)",6,target_1 | target_3 | target_4 | VIX | News_Article_Count | Lithium_Hydroxide_Close
albemarle_equity,VMD-K9-A4500,VMD,9,1,4500.0,RF,1.815713292089626,1.4574623835689455,1.8266067653314764,,8,target_1 | Lithium_Carbonate_Close | target_3 | target_2 | target_4 | target_5 | USD_CNY | Lithium_Hydroxide_Close
albemarle_equity,VMD-K9-A4500,VMD,9,2,4500.0,ARIMA,2.0293640608792574,0.2375350386086468,0.4505179900591305,"(1, 2, 2)",2,target_1 | USD_CNY
albemarle_equity,VMD-K9-A4500,VMD,9,3,4500.0,ARIMA,0.19526480272157853,0.03292494700197986,0.08328029494904535,"(3, 0, 3)",6,target_1 | target_4 | target_5 | News_TextBlob_Polarity | USD_CNY | Lithium_Hydroxide_Close
albemarle_equity,VMD-K9-A4500,VMD,9,4,4500.0,ARIMA,0.05334294834820992,0.022601183629249937,0.055118209362820185,"(4, 0, 5)",13,target_1 | target_2 | target_5 | Trends_lithium_hydroxide | Shanghai_Composite | Trends_lithium_carbonate | News_Article_Count | Ganfeng_Lithium_Close | US_Dollar_Index | USD_CNY | News_TextBlob_Polarity | VIX | News_FinBERT_Score
albemarle_equity,VMD-K9-A4500,VMD,9,5,4500.0,ARIMA,0.07692901155235916,0.03583750867174744,0.17824865345753815,"(4, 0, 2)",11,target_2 | target_1 | target_5 | target_4 | MVIS_Critical_Minerals | SP500 | Lithium_Hydroxide_Close | VIX | USD_CNY | News_TextBlob_Polarity | News_FinBERT_Score
albemarle_equity,VMD-K9-A4500,VMD,9,6,4500.0,RF,0.04914727527794264,0.037408375157114676,0.25999103754615793,,12,target_2 | target_4 | target_3 | target_5 | target_1 | SP500 | MVIS_Critical_Minerals | VIX | News_TextBlob_Polarity | US_Dollar_Index | News_FinBERT_Score | Trends_lithium_hydroxide
albemarle_equity,VMD-K9-A4500,VMD,9,7,4500.0,ARIMA,0.03466221900196568,0.025737379942670544,0.19813590848678433,"(5, 0, 5)",12,target_2 | target_1 | target_5 | target_3 | MVIS_Critical_Minerals | SP500 | VIX | News_TextBlob_Polarity | Lithium_Hydroxide_Close | USD_CNY | US_Dollar_Index | News_Article_Count
albemarle_equity,VMD-K9-A4500,VMD,9,8,4500.0,ARIMA,0.04194869718032556,0.02356953014942756,0.13015102347709992,"(4, 0, 4)",9,target_1 | target_2 | VIX | SP500 | MVIS_Critical_Minerals | News_TextBlob_Polarity | US_Dollar_Index | News_FinBERT_Score | target_3
albemarle_equity,VMD-K9-A4500,VMD,9,9,4500.0,ARIMA,0.08356797019746576,0.022495213571336964,0.22370987434053508,"(3, 0, 2)",11,target_1 | target_3 | target_5 | target_2 | VIX | SP500 | MVIS_Critical_Minerals | US_Dollar_Index | News_Article_Count | News_TextBlob_Polarity | News_FinBERT_Score
albemarle_equity,VMD-K9-A4500,VMD,9,10,4500.0,ARIMA,1.4012814844421295,1.0618197684606634,0.7816403099796139,"(3, 0, 1)",6,target_1 | target_3 | News_Article_Count | VIX | target_4 | target_5
albemarle_equity,VMD-K10-A1500,VMD,10,1,1500.0,RF,0.9400855201200762,0.7561893832027399,0.24353100817270223,,4,target_1 | Lithium_Hydroxide_Close | target_2 | target_3
albemarle_equity,VMD-K10-A1500,VMD,10,2,1500.0,ARIMA,1.3092169030698206,0.1633577358247715,0.26158834007837445,"(1, 2, 2)",3,target_1 | USD_CNY | SP500
albemarle_equity,VMD-K10-A1500,VMD,10,3,1500.0,RF,0.17376176957584072,0.13655969839207258,0.08610523258616355,,4,target_1 | target_5 | Lithium_Hydroxide_Close | News_TextBlob_Polarity
albemarle_equity,VMD-K10-A1500,VMD,10,4,1500.0,RF,0.24113698298173358,0.1978402032150882,0.11348110188280115,,8,target_1 | target_3 | VIX | Trends_lithium | USD_CNY | News_TextBlob_Polarity | News_Article_Count | Ganfeng_Lithium_Close
albemarle_equity,VMD-K10-A1500,VMD,10,5,1500.0,ARIMA,0.12383971264209707,0.04167349006598016,0.12117283264777118,"(4, 0, 3)",10,target_1 | target_2 | target_5 | Trends_lithium_carbonate | Ganfeng_Lithium_Close | USD_CNY | News_FinBERT_Score | News_Article_Count | Trends_lithium_hydroxide | VIX
albemarle_equity,VMD-K10-A1500,VMD,10,6,1500.0,ARIMA,0.22289025282490343,0.06749861037083525,0.4098917848429158,"(5, 0, 3)",11,target_1 | target_2 | target_4 | target_5 | News_FinBERT_Score | News_TextBlob_Polarity | Trends_lithium | News_Article_Count | Trends_lithium_carbonate | MVIS_Critical_Minerals | VIX
albemarle_equity,VMD-K10-A1500,VMD,10,7,1500.0,ARIMA,0.09117274377252456,0.05089450076651091,0.18671320500783406,"(4, 0, 3)",10,target_2 | target_1 | target_4 | target_5 | MVIS_Critical_Minerals | Lithium_Hydroxide_Close | SP500 | USD_CNY | VIX | News_FinBERT_Score
albemarle_equity,VMD-K10-A1500,VMD,10,8,1500.0,ARIMA,0.1060265582531971,0.05291503286648267,0.38600356850064654,"(5, 0, 5)",10,target_2 | target_4 | target_1 | target_5 | MVIS_Critical_Minerals | VIX | News_TextBlob_Polarity | SP500 | US_Dollar_Index | News_FinBERT_Score
albemarle_equity,VMD-K10-A1500,VMD,10,9,1500.0,ARIMA,0.037933055741889175,0.0289802938094037,0.10292940707339855,"(5, 0, 2)",14,target_1 | target_2 | target_4 | target_5 | VIX | News_TextBlob_Polarity | MVIS_Critical_Minerals | SP500 | News_FinBERT_Score | US_Dollar_Index | Trends_lithium | News_Article_Count | USD_CNY | Lithium_Hydroxide_Close
albemarle_equity,VMD-K10-A1500,VMD,10,10,1500.0,ARIMA,0.0413470167288399,0.023159913200876122,0.10028272133151345,"(4, 0, 1)",12,target_1 | target_2 | target_3 | target_5 | MVIS_Critical_Minerals | VIX | SP500 | News_TextBlob_Polarity | News_FinBERT_Score | US_Dollar_Index | USD_CNY | Lithium_Hydroxide_Close
albemarle_equity,VMD-K10-A1500,VMD,10,11,1500.0,ARIMA,0.7399966755063866,0.5730556762301343,1.1685728638912054,"(0, 0, 1)",7,target_1 | target_5 | target_3 | target_4 | VIX | MVIS_Critical_Minerals | News_Article_Count
albemarle_equity,VMD-K10-A3000,VMD,10,1,3000.0,RF,0.5163463018406624,0.4334612074925569,0.243887313702199,,7,target_1 | target_2 | target_3 | target_4 | target_5 | Lithium_Carbonate_Close | Lithium_Hydroxide_Close
albemarle_equity,VMD-K10-A3000,VMD,10,2,3000.0,ARIMA,2.0828883262857047,0.27851223209457104,0.46975091898542654,"(3, 2, 3)",3,target_1 | USD_CNY | SP500
albemarle_equity,VMD-K10-A3000,VMD,10,3,3000.0,SVR,0.15585846646109822,0.1259798287486319,0.0804410785781502,,4,target_1 | target_5 | Lithium_Hydroxide_Close | News_Article_Count
albemarle_equity,VMD-K10-A3000,VMD,10,4,3000.0,RF,0.24995581427862532,0.19471296819576853,0.12251416011754204,,9,target_1 | target_3 | target_5 | News_Article_Count | USD_CNY | Trends_lithium | Trends_lithium_hydroxide | VIX | News_TextBlob_Polarity
albemarle_equity,VMD-K10-A3000,VMD,10,5,3000.0,RF,0.16640606880594946,0.136486962046453,0.2731938286457768,,14,target_2 | target_1 | target_5 | target_3 | MVIS_Critical_Minerals | Lithium_Hydroxide_Close | SP500 | VIX | News_Article_Count | News_FinBERT_Score | Trends_lithium_hydroxide | Trends_lithium_carbonate | News_TextBlob_Polarity | USD_CNY
albemarle_equity,VMD-K10-A3000,VMD,10,6,3000.0,ARIMA,0.061634926034433095,0.03539928654882449,0.27724715064445754,"(5, 0, 5)",12,target_2 | target_4 | target_1 | target_3 | MVIS_Critical_Minerals | Lithium_Hydroxide_Close | SP500 | VIX | News_Article_Count | News_FinBERT_Score | Trends_lithium_carbonate | Trends_lithium_hydroxide
albemarle_equity,VMD-K10-A3000,VMD,10,7,3000.0,ARIMA,0.06063806180676827,0.03368277801939968,0.2901570145533757,"(5, 0, 1)",11,target_2 | target_4 | target_3 | target_5 | target_1 | VIX | MVIS_Critical_Minerals | SP500 | News_TextBlob_Polarity | News_FinBERT_Score | Trends_lithium_carbonate
albemarle_equity,VMD-K10-A3000,VMD,10,8,3000.0,ARIMA,0.047372010224001906,0.03496375292815658,0.2084717056773318,"(5, 0, 5)",10,target_2 | target_1 | target_5 | MVIS_Critical_Minerals | VIX | Lithium_Hydroxide_Close | SP500 | USD_CNY | Trends_lithium_hydroxide | News_TextBlob_Polarity
albemarle_equity,VMD-K10-A3000,VMD,10,9,3000.0,ARIMA,0.03148650029804314,0.020719912852363888,0.09459690266019773,"(5, 0, 3)",11,target_1 | target_2 | target_4 | VIX | MVIS_Critical_Minerals | SP500 | News_FinBERT_Score | News_TextBlob_Polarity | Trends_lithium_hydroxide | USD_CNY | News_Article_Count
albemarle_equity,VMD-K10-A3000,VMD,10,10,3000.0,ARIMA,0.05274606281548702,0.02001898421570245,0.1349590810231815,"(3, 0, 3)",12,target_1 | target_3 | target_5 | target_2 | VIX | MVIS_Critical_Minerals | News_FinBERT_Score | Trends_lithium_hydroxide | USD_CNY | SP500 | News_Article_Count | News_TextBlob_Polarity
albemarle_equity,VMD-K10-A3000,VMD,10,11,3000.0,ARIMA,1.01106121694082,0.77801948536244,0.7723481943970683,"(5, 0, 3)",13,target_1 | target_3 | VIX | target_2 | Shanghai_Composite | Trends_lithium_hydroxide | MVIS_Critical_Minerals | News_TextBlob_Polarity | News_FinBERT_Score | US_Dollar_Index | target_4 | target_5 | Trends_lithium_carbonate
albemarle_equity,VMD-K10-A4500,VMD,10,1,4500.0,RF,1.861937337893094,1.4936581647023164,1.8880027105244976,,9,target_1 | Lithium_Carbonate_Close | target_3 | target_2 | target_4 | target_5 | USD_CNY | Ganfeng_Lithium_Close | Lithium_Hydroxide_Close
albemarle_equity,VMD-K10-A4500,VMD,10,2,4500.0,ARIMA,2.646828360228374,0.3295766174463866,0.5885820052795357,"(2, 2, 0)",2,target_1 | USD_CNY
albemarle_equity,VMD-K10-A4500,VMD,10,3,4500.0,ARIMA,0.20508858153315565,0.037169281409932704,0.08778948777242097,"(3, 0, 5)",6,target_1 | target_4 | target_5 | News_TextBlob_Polarity | USD_CNY | Lithium_Hydroxide_Close
albemarle_equity,VMD-K10-A4500,VMD,10,4,4500.0,ARIMA,0.05138193038148011,0.01939892659100244,0.05252957737682684,"(4, 0, 5)",13,target_1 | target_2 | target_5 | Trends_lithium_hydroxide | Shanghai_Composite | Trends_lithium_carbonate | US_Dollar_Index | News_Article_Count | Ganfeng_Lithium_Close | USD_CNY | News_TextBlob_Polarity | VIX | News_FinBERT_Score
albemarle_equity,VMD-K10-A4500,VMD,10,5,4500.0,ARIMA,0.07673810325011302,0.03190754122646026,0.16650041211876754,"(4, 0, 2)",10,target_2 | target_1 | target_5 | MVIS_Critical_Minerals | SP500 | Lithium_Hydroxide_Close | VIX | USD_CNY | News_TextBlob_Polarity | US_Dollar_Index
albemarle_equity,VMD-K10-A4500,VMD,10,6,4500.0,ARIMA,0.046200622041513366,0.02669278244509122,0.18333878097648218,"(4, 0, 2)",11,target_2 | target_4 | target_1 | target_5 | MVIS_Critical_Minerals | SP500 | VIX | News_TextBlob_Polarity | US_Dollar_Index | News_FinBERT_Score | News_Article_Count
albemarle_equity,VMD-K10-A4500,VMD,10,7,4500.0,ARIMA,0.03523788441549158,0.026214523578762996,0.18097156181180324,"(5, 0, 5)",12,target_2 | target_3 | target_5 | target_1 | target_4 | SP500 | VIX | MVIS_Critical_Minerals | News_TextBlob_Polarity | US_Dollar_Index | News_FinBERT_Score | News_Article_Count
albemarle_equity,VMD-K10-A4500,VMD,10,8,4500.0,ARIMA,0.02983663597191901,0.02205965953502927,0.07919489344501456,"(5, 0, 4)",13,target_2 | target_1 | target_5 | target_4 | MVIS_Critical_Minerals | SP500 | Lithium_Hydroxide_Close | Lithium_Carbonate_Close | VIX | US_Dollar_Index | Trends_lithium_hydroxide | News_TextBlob_Polarity | Trends_lithium_carbonate
albemarle_equity,VMD-K10-A4500,VMD,10,9,4500.0,ARIMA,0.03901868041328121,0.019775986946925984,0.12047383721146968,"(4, 0, 5)",10,target_1 | target_2 | MVIS_Critical_Minerals | SP500 | VIX | News_TextBlob_Polarity | US_Dollar_Index | Lithium_Hydroxide_Close | News_FinBERT_Score | News_Article_Count
albemarle_equity,VMD-K10-A4500,VMD,10,10,4500.0,ARIMA,0.050490355515083296,0.01485658294074287,0.13555988684903786,"(2, 0, 2)",12,target_1 | target_3 | target_5 | VIX | MVIS_Critical_Minerals | SP500 | News_Article_Count | News_FinBERT_Score | US_Dollar_Index | News_TextBlob_Polarity | USD_CNY | Trends_lithium
albemarle_equity,VMD-K10-A4500,VMD,10,11,4500.0,ARIMA,1.1254026728682804,0.8517534864653494,0.6463513651589263,"(5, 0, 4)",12,target_1 | target_3 | VIX | target_2 | Shanghai_Composite | News_Article_Count | US_Dollar_Index | News_FinBERT_Score | News_TextBlob_Polarity | target_5 | target_4 | MVIS_Critical_Minerals
albemarle_equity,CEEMDAN-M7,CEEMDAN,7,1,,ARIMA,1.2671654827257657,0.9755466451418134,1.11413074100876,"(2, 0, 1)",6,target_2 | target_1 | target_3 | News_TextBlob_Polarity | VIX | News_Article_Count
albemarle_equity,CEEMDAN-M7,CEEMDAN,7,2,,ARIMA,0.6168279023635516,0.45726031433875586,0.3792341911366459,"(2, 0, 4)",17,target_1 | target_2 | target_3 | target_5 | target_4 | Trends_lithium_hydroxide | News_FinBERT_Score | Ganfeng_Lithium_Close | MVIS_Critical_Minerals | Shanghai_Composite | VIX | News_TextBlob_Polarity | US_Dollar_Index | USD_CNY | News_Article_Count | Trends_lithium_carbonate | Trends_lithium_battery
albemarle_equity,CEEMDAN-M7,CEEMDAN,7,3,,RF,0.39859615392394837,0.3201060097468078,0.17706996568051495,,12,target_1 | target_2 | target_3 | target_5 | Trends_lithium | News_Article_Count | Trends_lithium_hydroxide | Shanghai_Composite | SP500 | US_Dollar_Index | Ganfeng_Lithium_Close | News_TextBlob_Polarity
albemarle_equity,CEEMDAN-M7,CEEMDAN,7,4,,RF,0.14847643803331936,0.12201488684564195,0.09504229817439705,,7,target_1 | target_5 | target_4 | USD_CNY | Ganfeng_Lithium_Close | Shanghai_Composite | News_FinBERT_Score
albemarle_equity,CEEMDAN-M7,CEEMDAN,7,5,,SVR,0.17327221187252165,0.14679327248197183,0.051195640489375666,,2,target_1 | USD_CNY
albemarle_equity,CEEMDAN-M7,CEEMDAN,7,6,,ARIMA,2.378834044921779,0.3198975005478315,0.4973448793956076,"(3, 2, 3)",7,target_1 | USD_CNY | Lithium_Hydroxide_Close | VIX | Shanghai_Composite | Trends_lithium_hydroxide | News_Article_Count
albemarle_equity,CEEMDAN-M7,CEEMDAN,7,7,,RF,1.6313104579422726,1.4470447095147931,0.4555100900293767,,6,target_1 | Lithium_Hydroxide_Close | target_2 | target_3 | target_4 | target_5
albemarle_equity,CEEMDAN-M9,CEEMDAN,9,1,,ARIMA,1.2671654827257657,0.9755466451418134,1.11413074100876,"(2, 0, 1)",6,target_2 | target_1 | target_3 | News_TextBlob_Polarity | VIX | News_Article_Count
albemarle_equity,CEEMDAN-M9,CEEMDAN,9,2,,ARIMA,0.6168279023635516,0.45726031433875586,0.3792341911366459,"(2, 0, 4)",17,target_1 | target_2 | target_3 | target_5 | target_4 | Trends_lithium_hydroxide | News_FinBERT_Score | Ganfeng_Lithium_Close | MVIS_Critical_Minerals | Shanghai_Composite | VIX | News_TextBlob_Polarity | US_Dollar_Index | USD_CNY | News_Article_Count | Trends_lithium_carbonate | Trends_lithium_battery
albemarle_equity,CEEMDAN-M9,CEEMDAN,9,3,,RF,0.3973195992296633,0.32285236757945,0.17685170370999398,,12,target_1 | target_2 | target_3 | target_5 | Trends_lithium | News_Article_Count | Trends_lithium_hydroxide | Shanghai_Composite | SP500 | US_Dollar_Index | Ganfeng_Lithium_Close | News_TextBlob_Polarity
albemarle_equity,CEEMDAN-M9,CEEMDAN,9,4,,RF,0.13985670920945234,0.11367637256169026,0.08935805513462027,,7,target_1 | target_5 | target_4 | USD_CNY | Ganfeng_Lithium_Close | Shanghai_Composite | News_FinBERT_Score
albemarle_equity,CEEMDAN-M9,CEEMDAN,9,5,,SVR,0.17327221187252165,0.14679327248197183,0.051195640489375666,,2,target_1 | USD_CNY
albemarle_equity,CEEMDAN-M9,CEEMDAN,9,6,,ARIMA,2.378834044921779,0.3198975005478315,0.4973448793956076,"(3, 2, 3)",7,target_1 | USD_CNY | Lithium_Hydroxide_Close | VIX | Shanghai_Composite | Trends_lithium_hydroxide | News_Article_Count
albemarle_equity,CEEMDAN-M9,CEEMDAN,9,7,,RF,1.6835288852095187,1.4850410610053548,0.46961542893418323,,6,target_1 | Lithium_Hydroxide_Close | target_2 | target_3 | target_4 | target_5
ganfeng_equity,VMD-K7-A1500,VMD,7,1,1500.0,ARIMA,0.01973951793946759,0.0031918920740729526,0.053940264353284265,"(4, 2, 0)",5,target_1 | Shanghai_Composite | Lithium_Carbonate_Close | VIX | Lithium_Hydroxide_Close
ganfeng_equity,VMD-K7-A1500,VMD,7,2,1500.0,ARIMA,0.043052282888967466,0.005898884031911763,0.1379400642964151,"(3, 2, 4)",4,target_1 | USD_CNY | Lithium_Hydroxide_Close | VIX
ganfeng_equity,VMD-K7-A1500,VMD,7,3,1500.0,RF,0.014468945106448756,0.009118198341236906,0.08142731726692841,,4,target_1 | target_5 | Trends_lithium_carbonate | News_Article_Count
ganfeng_equity,VMD-K7-A1500,VMD,7,4,1500.0,ARIMA,0.0018082847186387779,0.0011301523750937912,0.05977844902489537,"(5, 0, 5)",6,target_1 | target_3 | Trends_lithium_carbonate | VIX | Trends_lithium_hydroxide | Albemarle_Close
ganfeng_equity,VMD-K7-A1500,VMD,7,5,1500.0,SVR,0.009267325572190023,0.005470282823732851,0.19340075086566427,,6,target_1 | target_2 | target_3 | News_FinBERT_Score | News_Article_Count | News_TextBlob_Polarity
ganfeng_equity,VMD-K7-A1500,VMD,7,6,1500.0,ARIMA,0.0027452933058109844,0.0019827209395881706,0.10423787778380268,"(4, 0, 5)",12,target_2 | target_1 | target_5 | target_4 | News_TextBlob_Polarity | Trends_lithium_carbonate | VIX | Shanghai_Composite | News_FinBERT_Score | Albemarle_Close | Trends_lithium_hydroxide | News_Article_Count
ganfeng_equity,VMD-K7-A1500,VMD,7,7,1500.0,ARIMA,0.00206370743612862,0.0016547823314362552,0.18876773434159633,"(2, 0, 5)",11,target_1 | target_2 | target_3 | target_5 | Shanghai_Composite | News_Article_Count | News_TextBlob_Polarity | USD_CNY | VIX | MVIS_Critical_Minerals | News_FinBERT_Score
ganfeng_equity,VMD-K7-A1500,VMD,7,8,1500.0,LSTM,0.04511647772347044,0.035281983351585125,1.1150661786746512,,8,target_2 | target_4 | target_3 | Shanghai_Composite | News_TextBlob_Polarity | News_Article_Count | MVIS_Critical_Minerals | target_1
ganfeng_equity,VMD-K7-A3000,VMD,7,1,3000.0,ARIMA,0.005917987795878464,0.0009258788185244888,0.05320716027769412,"(4, 2, 2)",6,target_1 | Shanghai_Composite | USD_CNY | VIX | News_Article_Count | SP500
ganfeng_equity,VMD-K7-A3000,VMD,7,2,3000.0,ARIMA,0.059347445466152705,0.005989637570417243,0.21369540053676545,"(4, 2, 3)",2,target_1 | USD_CNY
ganfeng_equity,VMD-K7-A3000,VMD,7,3,3000.0,RF,0.012319673125543785,0.008431822885021707,0.07214697615423298,,5,target_1 | target_5 | Trends_lithium_hydroxide | News_Article_Count | Trends_lithium_carbonate
ganfeng_equity,VMD-K7-A3000,VMD,7,4,3000.0,ARIMA,0.012080002720632515,0.0028032670741925743,0.2232539997128439,"(5, 0, 0)",9,target_1 | target_2 | target_3 | target_5 | Trends_lithium_hydroxide | News_TextBlob_Polarity | News_Article_Count | Shanghai_Composite | VIX
ganfeng_equity,VMD-K7-A3000,VMD,7,5,3000.0,ARIMA,0.004079849688179838,0.0016748212481915207,0.1894247823104575,"(4, 0, 5)",10,target_1 | target_2 | target_4 | target_5 | Shanghai_Composite | VIX | News_Article_Count | News_FinBERT_Score | USD_CNY | Lithium_Hydroxide_Close
ganfeng_equity,VMD-K7-A3000,VMD,7,6,3000.0,ARIMA,0.004500809177682993,0.001997752571821865,0.3358198139750837,"(5, 0, 3)",12,target_2 | target_1 | target_5 | target_4 | Shanghai_Composite | USD_CNY | VIX | News_Article_Count | Lithium_Hydroxide_Close | News_TextBlob_Polarity | MVIS_Critical_Minerals | SP500
ganfeng_equity,VMD-K7-A3000,VMD,7,7,3000.0,ARIMA,0.0014818494765207978,0.0010421544912884299,0.16065293303690617,"(5, 0, 4)",7,target_1 | target_2 | Shanghai_Composite | News_TextBlob_Polarity | News_Article_Count | USD_CNY | News_FinBERT_Score
ganfeng_equity,VMD-K7-A3000,VMD,7,8,3000.0,ARIMA,0.05330638441464701,0.03909772816253288,1.013420869853837,"(5, 0, 0)",19,target_1 | target_4 | Shanghai_Composite | target_3 | Lithium_Hydroxide_Close | Albemarle_Close | Trends_lithium_price | Trends_lithium | USD_CNY | News_TextBlob_Polarity | target_5 | target_2 | SP500 | Trends_lithium_carbonate | News_Article_Count | News_FinBERT_Score | VIX | Trends_lithium_hydroxide | Trends_lithium_battery
ganfeng_equity,VMD-K7-A4500,VMD,7,1,4500.0,ARIMA,0.01329581437043948,0.001526688545297073,0.23376173815606346,"(0, 2, 4)",5,target_1 | USD_CNY | Lithium_Hydroxide_Close | VIX | News_Article_Count
ganfeng_equity,VMD-K7-A4500,VMD,7,2,4500.0,SVR,0.07589256123052492,0.04542439543915976,0.24573057646497196,,2,target_1 | USD_CNY
ganfeng_equity,VMD-K7-A4500,VMD,7,3,4500.0,RF,0.01712961615963466,0.008995169763871238,0.09318002042461616,,5,target_1 | target_5 | Trends_lithium_carbonate | Trends_lithium_hydroxide | News_Article_Count
ganfeng_equity,VMD-K7-A4500,VMD,7,4,4500.0,ARIMA,0.009455908983968812,0.002119742267592884,0.20916276823910818,"(5, 0, 0)",9,target_1 | target_2 | target_3 | target_5 | Trends_lithium_hydroxide | News_TextBlob_Polarity | Shanghai_Composite | News_Article_Count | VIX
ganfeng_equity,VMD-K7-A4500,VMD,7,5,4500.0,ARIMA,0.0044947126442915625,0.001552738995348238,0.22195623084278412,"(4, 0, 5)",10,target_1 | target_2 | target_4 | target_5 | Shanghai_Composite | VIX | News_Article_Count | News_FinBERT_Score | USD_CNY | Lithium_Hydroxide_Close
ganfeng_equity,VMD-K7-A4500,VMD,7,6,4500.0,ARIMA,0.0036198042173799586,0.001554996015152426,0.26763423438009293,"(5, 0, 4)",10,target_2 | target_1 | target_5 | target_4 | Shanghai_Composite | USD_CNY | VIX | News_TextBlob_Polarity | News_Article_Count | Lithium_Hydroxide_Close
ganfeng_equity,VMD-K7-A4500,VMD,7,7,4500.0,ARIMA,0.0012242330914971373,0.0008377158242102695,0.14590335635752638,"(4, 0, 4)",8,target_1 | target_2 | Shanghai_Composite | News_TextBlob_Polarity | News_Article_Count | USD_CNY | News_FinBERT_Score | Lithium_Hydroxide_Close
ganfeng_equity,VMD-K7-A4500,VMD,7,8,4500.0,ARIMA,0.06189284122203232,0.04480675269040394,0.9821169451236578,"(2, 0, 2)",18,target_1 | target_4 | Shanghai_Composite | Lithium_Hydroxide_Close | Albemarle_Close | target_3 | target_5 | USD_CNY | News_TextBlob_Polarity | Trends_lithium | target_2 | Trends_lithium_carbonate | Trends_lithium_price | VIX | Trends_lithium_hydroxide | News_Article_Count | News_FinBERT_Score | Trends_lithium_battery
ganfeng_equity,VMD-K8-A1500,VMD,8,1,1500.0,ARIMA,0.017827262526242605,0.002732404349433417,0.04930063659381893,"(4, 2, 3)",5,target_1 | Shanghai_Composite | Lithium_Carbonate_Close | VIX | Lithium_Hydroxide_Close
ganfeng_equity,VMD-K8-A1500,VMD,8,2,1500.0,ARIMA,0.05613253381167964,0.008381122761840356,0.18232774201722782,"(3, 2, 1)",4,target_1 | USD_CNY | Lithium_Hydroxide_Close | VIX
ganfeng_equity,VMD-K8-A1500,VMD,8,3,1500.0,RF,0.016326829975394662,0.0100656337433247,0.09083437260616388,,4,target_1 | target_5 | Trends_lithium_carbonate | News_Article_Count
ganfeng_equity,VMD-K8-A1500,VMD,8,4,1500.0,ARIMA,0.0015084747340940881,0.00103224410258429,0.05053396642878053,"(5, 0, 5)",6,target_1 | target_3 | Trends_lithium_carbonate | VIX | Trends_lithium_hydroxide | Albemarle_Close
ganfeng_equity,VMD-K8-A1500,VMD,8,5,1500.0,RF,0.010621455311953628,0.007888455363082785,0.22956448701704324,,5,target_1 | target_2 | News_FinBERT_Score | News_Article_Count | News_TextBlob_Polarity
ganfeng_equity,VMD-K8-A1500,VMD,8,6,1500.0,ARIMA,0.0026835732020020165,0.001922898644678636,0.10463969471386571,"(4, 0, 4)",12,target_2 | target_1 | target_5 | target_4 | News_TextBlob_Polarity | Shanghai_Composite | VIX | Trends_lithium_carbonate | News_FinBERT_Score | Albemarle_Close | News_Article_Count | Trends_lithium_hydroxide
ganfeng_equity,VMD-K8-A1500,VMD,8,7,1500.0,ARIMA,0.002173952170855914,0.001537029464504059,0.20422089366562687,"(4, 0, 4)",10,target_1 | target_2 | target_3 | target_5 | Shanghai_Composite | USD_CNY | News_TextBlob_Polarity | News_Article_Count | SP500 | VIX
ganfeng_equity,VMD-K8-A1500,VMD,8,8,1500.0,RF,0.0019642338795735482,0.0015417825488665581,0.18470405473673543,,9,target_1 | target_2 | target_5 | target_4 | Shanghai_Composite | USD_CNY | News_TextBlob_Polarity | News_Article_Count | MVIS_Critical_Minerals
ganfeng_equity,VMD-K8-A1500,VMD,8,9,1500.0,ARIMA,0.03960218033944762,0.03021404161036837,1.026712999913899,"(2, 0, 1)",13,target_2 | target_1 | target_3 | target_5 | Shanghai_Composite | News_Article_Count | News_TextBlob_Polarity | USD_CNY | target_4 | MVIS_Critical_Minerals | Trends_lithium_carbonate | VIX | News_FinBERT_Score
ganfeng_equity,VMD-K8-A3000,VMD,8,1,3000.0,ARIMA,0.006256315855204858,0.0009299925937992168,0.05828034381413175,"(0, 2, 3)",7,target_1 | Shanghai_Composite | USD_CNY | VIX | News_Article_Count | SP500 | Lithium_Hydroxide_Close
ganfeng_equity,VMD-K8-A3000,VMD,8,2,3000.0,ARIMA,0.10569027616450595,0.014721082032278537,0.3815316782325549,"(3, 2, 4)",2,target_1 | USD_CNY
ganfeng_equity,VMD-K8-A3000,VMD,8,3,3000.0,RF,0.01210624585746562,0.008154861386285591,0.07068357382344377,,5,target_1 | target_5 | Trends_lithium_hydroxide | News_Article_Count | Trends_lithium_carbonate
ganfeng_equity,VMD-K8-A3000,VMD,8,4,3000.0,ARIMA,0.012194477851676093,0.0027065950468899307,0.22466107342245034,"(4, 0, 2)",9,target_1 | target_2 | target_3 | target_5 | Trends_lithium_hydroxide | News_TextBlob_Polarity | News_Article_Count | Shanghai_Composite | VIX
ganfeng_equity,VMD-K8-A3000,VMD,8,5,3000.0,ARIMA,0.005525038077435596,0.0018520687063024793,0.25230485350574594,"(4, 0, 5)",10,target_1 | target_2 | target_4 | target_5 | Shanghai_Composite | VIX | News_Article_Count | News_FinBERT_Score | USD_CNY | Lithium_Hydroxide_Close
ganfeng_equity,VMD-K8-A3000,VMD,8,6,3000.0,ARIMA,0.002761525475861977,0.0015344007599266474,0.21279486625559435,"(5, 0, 4)",12,target_2 | target_1 | target_5 | target_4 | Shanghai_Composite | USD_CNY | VIX | News_Article_Count | News_TextBlob_Polarity | Lithium_Hydroxide_Close | SP500 | News_FinBERT_Score
ganfeng_equity,VMD-K8-A3000,VMD,8,7,3000.0,ARIMA,0.0014176892291831286,0.0010474460014050573,0.15895189172440352,"(5, 0, 5)",8,target_1 | target_2 | Shanghai_Composite | target_5 | News_TextBlob_Polarity | News_Article_Count | USD_CNY | News_FinBERT_Score
ganfeng_equity,VMD-K8-A3000,VMD,8,8,3000.0,RF,0.0014191839585020096,0.0010660748565290248,0.15000031683210346,,7,target_1 | target_4 | target_3 | Shanghai_Composite | USD_CNY | News_TextBlob_Polarity | News_Article_Count
ganfeng_equity,VMD-K8-A3000,VMD,8,9,3000.0,ARIMA,0.05109271132782896,0.03626421596370628,0.9947697398978146,"(0, 0, 2)",18,target_1 | target_2 | Shanghai_Composite | Lithium_Hydroxide_Close | Albemarle_Close | target_4 | target_3 | Trends_lithium | Trends_lithium_price | USD_CNY | News_TextBlob_Polarity | target_5 | Trends_lithium_carbonate | SP500 | Trends_lithium_hydroxide | News_Article_Count | VIX | News_FinBERT_Score
ganfeng_equity,VMD-K8-A4500,VMD,8,1,4500.0,ARIMA,0.016765650672505725,0.0020958947990613033,0.2936397298635576,"(4, 2, 2)",4,target_1 | USD_CNY | Lithium_Hydroxide_Close | VIX
ganfeng_equity,VMD-K8-A4500,VMD,8,2,4500.0,SVR,0.07512645916683229,0.04464902978558404,0.24163448526621137,,2,target_1 | USD_CNY
ganfeng_equity,VMD-K8-A4500,VMD,8,3,4500.0,RF,0.01708571543250892,0.009230988934535795,0.09323140804868775,,5,target_1 | target_5 | Trends_lithium_carbonate | Trends_lithium_hydroxide | News_Article_Count
ganfeng_equity,VMD-K8-A4500,VMD,8,4,4500.0,RF,0.010455254527523834,0.008288808562382738,0.26246312736028327,,9,target_1 | target_2 | target_3 | target_5 | Trends_lithium_hydroxide | News_TextBlob_Polarity | Shanghai_Composite | News_Article_Count | VIX
ganfeng_equity,VMD-K8-A4500,VMD,8,5,4500.0,ARIMA,0.005788944102727204,0.0017167088575975094,0.2827391127422198,"(5, 0, 4)",10,target_1 | target_2 | target_4 | target_5 | Shanghai_Composite | VIX | News_Article_Count | News_FinBERT_Score | USD_CNY | Lithium_Hydroxide_Close
ganfeng_equity,VMD-K8-A4500,VMD,8,6,4500.0,ARIMA,0.002563990781968569,0.0013535571079157586,0.19424406974751907,"(4, 0, 1)",10,target_2 | target_1 | target_5 | target_4 | Shanghai_Composite | USD_CNY | VIX | News_TextBlob_Polarity | News_Article_Count | Lithium_Hydroxide_Close
ganfeng_equity,VMD-K8-A4500,VMD,8,7,4500.0,ARIMA,0.0011391464304407876,0.0007998868036740215,0.1386734569705299,"(5, 0, 5)",10,target_1 | target_2 | target_3 | Shanghai_Composite | News_TextBlob_Polarity | USD_CNY | News_Article_Count | News_FinBERT_Score | Lithium_Hydroxide_Close | target_5
ganfeng_equity,VMD-K8-A4500,VMD,8,8,4500.0,RF,0.0008534227015950235,0.0006523804782330258,0.09693265363171091,,7,target_1 | target_4 | target_5 | Shanghai_Composite | USD_CNY | News_TextBlob_Polarity | News_Article_Count
ganfeng_equity,VMD-K8-A4500,VMD,8,9,4500.0,ARIMA,0.06289338693844779,0.044789737446036676,1.0140625101009768,"(2, 0, 3)",17,target_1 | target_2 | Shanghai_Composite | Lithium_Hydroxide_Close | Albemarle_Close | target_4 | target_3 | Trends_lithium_price | Trends_lithium | USD_CNY | News_TextBlob_Polarity | Trends_lithium_carbonate | Trends_lithium_hydroxide | VIX | News_Article_Count | News_FinBERT_Score | SP500
ganfeng_equity,VMD-K9-A1500,VMD,9,1,1500.0,ARIMA,0.02027742345209493,0.003098248445827995,0.05751222887711593,"(3, 2, 2)",5,target_1 | Shanghai_Composite | VIX | Lithium_Carbonate_Close | Lithium_Hydroxide_Close
ganfeng_equity,VMD-K9-A1500,VMD,9,2,1500.0,ARIMA,0.036568663464163216,0.00409605479797889,0.12005636012708046,"(0, 2, 2)",4,target_1 | USD_CNY | Lithium_Hydroxide_Close | VIX
ganfeng_equity,VMD-K9-A1500,VMD,9,3,1500.0,RF,0.01715815557078651,0.010343325038504382,0.09440641044272875,,4,target_1 | target_5 | Trends_lithium_carbonate | News_Article_Count
ganfeng_equity,VMD-K9-A1500,VMD,9,4,1500.0,ARIMA,0.0016152651327967682,0.0009852746711283588,0.054189132375414034,"(5, 0, 5)",6,target_1 | target_3 | Trends_lithium_carbonate | VIX | Trends_lithium_hydroxide | Albemarle_Close
ganfeng_equity,VMD-K9-A1500,VMD,9,5,1500.0,SVR,0.0072984978201342575,0.0046559135999501705,0.15799038090441628,,8,target_1 | target_2 | target_3 | target_5 | News_TextBlob_Polarity | News_Article_Count | News_FinBERT_Score | Trends_lithium_carbonate
ganfeng_equity,VMD-K9-A1500,VMD,9,6,1500.0,ARIMA,0.005191824635461942,0.00220689760596293,0.2310306428062711,"(4, 0, 5)",12,target_1 | target_2 | target_5 | target_4 | Shanghai_Composite | VIX | News_Article_Count | News_FinBERT_Score | Trends_lithium_carbonate | Trends_lithium_hydroxide | News_TextBlob_Polarity | Albemarle_Close
ganfeng_equity,VMD-K9-A1500,VMD,9,7,1500.0,ARIMA,0.003083185255422726,0.001969917964364567,0.13540141784205365,"(4, 0, 5)",10,target_2 | target_1 | target_5 | target_4 | Shanghai_Composite | Trends_lithium_carbonate | Trends_lithium_battery | News_Article_Count | Albemarle_Close | VIX
ganfeng_equity,VMD-K9-A1500,VMD,9,8,1500.0,ARIMA,0.0021212864454191903,0.0014314809830388805,0.19886988710224562,"(4, 0, 2)",11,target_1 | target_2 | target_4 | target_5 | target_3 | Shanghai_Composite | News_TextBlob_Polarity | USD_CNY | News_Article_Count | MVIS_Critical_Minerals | News_FinBERT_Score
ganfeng_equity,VMD-K9-A1500,VMD,9,9,1500.0,RF,0.0016981886113931932,0.0012899509253114904,0.1590263097225263,,9,target_1 | target_2 | target_3 | target_5 | Shanghai_Composite | USD_CNY | News_TextBlob_Polarity | News_Article_Count | MVIS_Critical_Minerals
ganfeng_equity,VMD-K9-A1500,VMD,9,10,1500.0,ARIMA,0.035884387781960125,0.026457331459454586,1.0832929702605611,"(3, 0, 0)",11,target_2 | target_3 | target_1 | Shanghai_Composite | News_TextBlob_Polarity | USD_CNY | News_Article_Count | target_5 | MVIS_Critical_Minerals | VIX | News_FinBERT_Score
ganfeng_equity,VMD-K9-A3000,VMD,9,1,3000.0,ARIMA,0.011519816680299838,0.0018637868073117542,0.1061491080351856,"(3, 2, 0)",8,target_1 | USD_CNY | VIX | SP500 | Shanghai_Composite | Lithium_Hydroxide_Close | News_Article_Count | Lithium_Carbonate_Close
ganfeng_equity,VMD-K9-A3000,VMD,9,2,3000.0,ARIMA,0.10256456594102067,0.01409633501242781,0.3377774745556477,"(3, 2, 5)",2,target_1 | USD_CNY
ganfeng_equity,VMD-K9-A3000,VMD,9,3,3000.0,RF,0.024986406019132566,0.012145716301407577,0.13155916725848024,,4,target_1 | target_5 | Trends_lithium_carbonate | News_Article_Count
ganfeng_equity,VMD-K9-A3000,VMD,9,4,3000.0,ARIMA,0.0012250438317724357,0.0007004204207568697,0.04328388406152423,"(3, 0, 2)",7,target_1 | target_3 | Trends_lithium_carbonate | VIX | Trends_lithium_hydroxide | SP500 | Albemarle_Close
ganfeng_equity,VMD-K9-A3000,VMD,9,5,3000.0,RF,0.010330078058263907,0.008170416670834298,0.2515837824010314,,8,target_1 | target_2 | target_3 | target_5 | News_TextBlob_Polarity | News_Article_Count | Shanghai_Composite | News_FinBERT_Score
ganfeng_equity,VMD-K9-A3000,VMD,9,6,3000.0,ARIMA,0.004645886144815449,0.0017061665046298566,0.21760424718653573,"(4, 0, 4)",10,target_1 | target_2 | target_5 | target_4 | Shanghai_Composite | VIX | News_FinBERT_Score | News_TextBlob_Polarity | News_Article_Count | Trends_lithium_carbonate
ganfeng_equity,VMD-K9-A3000,VMD,9,7,3000.0,ARIMA,0.0030706314961209814,0.0015867679362347098,0.2334504752442591,"(4, 0, 3)",11,target_2 | target_1 | target_5 | target_4 | Shanghai_Composite | USD_CNY | News_Article_Count | VIX | News_TextBlob_Polarity | Trends_lithium_carbonate | News_FinBERT_Score
ganfeng_equity,VMD-K9-A3000,VMD,9,8,3000.0,ARIMA,0.0012745567048986662,0.0009145145058118664,0.1423093646887001,"(4, 0, 4)",8,target_1 | target_2 | target_5 | Shanghai_Composite | News_TextBlob_Polarity | News_Article_Count | News_FinBERT_Score | USD_CNY
ganfeng_equity,VMD-K9-A3000,VMD,9,9,3000.0,RF,0.001611003132339691,0.0012674620797814415,0.17157042840196554,,6,target_1 | target_4 | Shanghai_Composite | USD_CNY | News_TextBlob_Polarity | News_Article_Count
ganfeng_equity,VMD-K9-A3000,VMD,9,10,3000.0,ARIMA,0.04993881856183371,0.03728995093680322,1.01055004270065,"(5, 0, 0)",7,target_1 | target_2 | target_4 | target_5 | Shanghai_Composite | News_Article_Count | News_TextBlob_Polarity
ganfeng_equity,VMD-K9-A4500,VMD,9,1,4500.0,RF,0.015998170164778093,0.013584343125690743,0.32628755203295134,,4,target_1 | Lithium_Hydroxide_Close | USD_CNY | VIX
ganfeng_equity,VMD-K9-A4500,VMD,9,2,4500.0,SVR,0.07452384398358552,0.04363169995695533,0.23764471786177027,,2,target_1 | USD_CNY
ganfeng_equity,VMD-K9-A4500,VMD,9,3,4500.0,RF,0.017863212885202207,0.009431112627741432,0.096907505703336,,5,target_1 | target_5 | Trends_lithium_hydroxide | Trends_lithium_carbonate | News_Article_Count
ganfeng_equity,VMD-K9-A4500,VMD,9,4,4500.0,RF,0.00903819927759502,0.006950069974103592,0.1993178972902853,,9,target_1 | target_3 | target_2 | target_5 | Trends_lithium_hydroxide | News_TextBlob_Polarity | Shanghai_Composite | News_Article_Count | VIX
ganfeng_equity,VMD-K9-A4500,VMD,9,5,4500.0,ARIMA,0.006727512333093039,0.001778111607192111,0.3426313999588709,"(5, 0, 4)",9,target_1 | target_2 | target_4 | Shanghai_Composite | VIX | News_Article_Count | USD_CNY | Lithium_Hydroxide_Close | News_TextBlob_Polarity
ganfeng_equity,VMD-K9-A4500,VMD,9,6,4500.0,ARIMA,0.001682029830371532,0.0010366843162535127,0.08582357655118837,"(4, 0, 3)",12,target_2 | target_1 | target_5 | Shanghai_Composite | Trends_lithium_battery | Trends_lithium_hydroxide | News_Article_Count | Lithium_Hydroxide_Close | Albemarle_Close | USD_CNY | VIX | News_FinBERT_Score
ganfeng_equity,VMD-K9-A4500,VMD,9,7,4500.0,ARIMA,0.001965109883868125,0.0011226485271803631,0.14942929899168933,"(4, 0, 5)",12,target_2 | target_1 | target_5 | target_3 | Shanghai_Composite | target_4 | USD_CNY | VIX | News_TextBlob_Polarity | News_Article_Count | Lithium_Hydroxide_Close | News_FinBERT_Score
ganfeng_equity,VMD-K9-A4500,VMD,9,8,4500.0,ARIMA,0.001133647953836302,0.0007625725385362048,0.13721866216051729,"(4, 0, 5)",8,target_1 | target_2 | Shanghai_Composite | News_TextBlob_Polarity | USD_CNY | News_Article_Count | News_FinBERT_Score | Lithium_Hydroxide_Close
ganfeng_equity,VMD-K9-A4500,VMD,9,9,4500.0,RF,0.00100197866079656,0.0007921148099021961,0.1144525571617535,,6,target_1 | target_4 | target_5 | Shanghai_Composite | USD_CNY | News_TextBlob_Polarity
ganfeng_equity,VMD-K9-A4500,VMD,9,10,4500.0,RF,0.058764041763700786,0.042562433699600305,1.0856103326061823,,19,target_1 | Trends_lithium_price | target_3 | target_2 | Shanghai_Composite | Albemarle_Close | Lithium_Hydroxide_Close | target_5 | target_4 | News_TextBlob_Polarity | USD_CNY | Trends_lithium_carbonate | VIX | Trends_lithium | Trends_lithium_hydroxide | Trends_lithium_battery | News_FinBERT_Score | US_Dollar_Index | News_Article_Count
ganfeng_equity,VMD-K10-A1500,VMD,10,1,1500.0,ARIMA,0.013908063043722075,0.0017488907015920038,0.04184601419523655,"(0, 2, 3)",5,target_1 | Shanghai_Composite | VIX | Lithium_Hydroxide_Close | Lithium_Carbonate_Close
ganfeng_equity,VMD-K10-A1500,VMD,10,2,1500.0,ARIMA,0.03906993337628839,0.004202873154241323,0.13307250603603152,"(1, 2, 1)",3,target_1 | USD_CNY | VIX
ganfeng_equity,VMD-K10-A1500,VMD,10,3,1500.0,RF,0.01733007809647374,0.01034357196271491,0.09500885276555952,,4,target_1 | target_5 | Trends_lithium_carbonate | News_Article_Count
ganfeng_equity,VMD-K10-A1500,VMD,10,4,1500.0,ARIMA,0.0013267267597392577,0.0008693547100701902,0.04499613281299849,"(3, 0, 2)",7,target_1 | target_3 | Trends_lithium_carbonate | VIX | Trends_lithium_hydroxide | Albemarle_Close | SP500
ganfeng_equity,VMD-K10-A1500,VMD,10,5,1500.0,ARIMA,0.009176106779516404,0.00267593243501867,0.18479293892578796,"(5, 0, 4)",8,target_1 | target_2 | target_3 | target_5 | News_TextBlob_Polarity | News_Article_Count | Trends_lithium_carbonate | VIX
ganfeng_equity,VMD-K10-A1500,VMD,10,6,1500.0,ARIMA,0.005346595897467637,0.002122722573460399,0.24074864781267188,"(4, 0, 3)",12,target_1 | target_2 | target_4 | target_5 | Shanghai_Composite | VIX | News_Article_Count | Trends_lithium_carbonate | News_FinBERT_Score | News_TextBlob_Polarity | Albemarle_Close | USD_CNY
ganfeng_equity,VMD-K10-A1500,VMD,10,7,1500.0,ARIMA,0.00255935407128278,0.0017564918140339362,0.1137666289340027,"(5, 0, 3)",11,target_2 | target_1 | target_5 | target_4 | Shanghai_Composite | Trends_lithium_carbonate | News_Article_Count | Trends_lithium_battery | Albemarle_Close | News_TextBlob_Polarity | USD_CNY
ganfeng_equity,VMD-K10-A1500,VMD,10,8,1500.0,ARIMA,0.004687033881521011,0.0020837460073781047,0.3444747017240548,"(5, 0, 5)",11,target_2 | target_1 | target_5 | target_4 | Shanghai_Composite | VIX | News_Article_Count | USD_CNY | News_FinBERT_Score | MVIS_Critical_Minerals | Trends_lithium_carbonate
ganfeng_equity,VMD-K10-A1500,VMD,10,9,1500.0,ARIMA,0.001589827706038253,0.0011424259173577198,0.15381766025340787,"(4, 0, 5)",9,target_1 | target_2 | target_4 | target_5 | Shanghai_Composite | News_TextBlob_Polarity | News_Article_Count | USD_CNY | News_FinBERT_Score
ganfeng_equity,VMD-K10-A1500,VMD,10,10,1500.0,RF,0.001786708552760394,0.0013802088679303781,0.16850115355775203,,8,target_1 | target_3 | target_4 | Shanghai_Composite | USD_CNY | News_TextBlob_Polarity | News_FinBERT_Score | News_Article_Count
ganfeng_equity,VMD-K10-A1500,VMD,10,11,1500.0,ARIMA,0.03208410025083612,0.024266376391756356,1.1144812705373255,"(3, 0, 2)",14,target_2 | target_1 | Shanghai_Composite | target_3 | target_4 | target_5 | USD_CNY | News_TextBlob_Polarity | News_Article_Count | Trends_lithium_carbonate | VIX | Trends_lithium_hydroxide | MVIS_Critical_Minerals | Lithium_Hydroxide_Close
ganfeng_equity,VMD-K10-A3000,VMD,10,1,3000.0,ARIMA,0.007906770646751611,0.0010589378267440636,0.07541319794134727,"(0, 2, 2)",8,target_1 | USD_CNY | VIX | SP500 | Shanghai_Composite | Lithium_Hydroxide_Close | Lithium_Carbonate_Close | News_Article_Count
ganfeng_equity,VMD-K10-A3000,VMD,10,2,3000.0,ARIMA,0.08905163342025856,0.010664570647488015,0.28891137529505956,"(1, 2, 2)",2,target_1 | USD_CNY
ganfeng_equity,VMD-K10-A3000,VMD,10,3,3000.0,RF,0.02583066869122526,0.012802007496125157,0.1362253883787994,,4,target_1 | target_5 | Trends_lithium_carbonate | News_Article_Count
ganfeng_equity,VMD-K10-A3000,VMD,10,4,3000.0,ARIMA,0.0008127377987571066,0.0005837002030420353,0.02968079386730776,"(3, 0, 2)",9,target_1 | target_3 | Trends_lithium_carbonate | VIX | target_4 | Trends_lithium_hydroxide | SP500 | News_Article_Count | Albemarle_Close
ganfeng_equity,VMD-K10-A3000,VMD,10,5,3000.0,RF,0.010406115413178117,0.008101987981850044,0.25837977132936196,,8,target_1 | target_3 | target_2 | target_5 | News_TextBlob_Polarity | Shanghai_Composite | VIX | News_Article_Count
ganfeng_equity,VMD-K10-A3000,VMD,10,6,3000.0,ARIMA,0.005997840402371256,0.001845492617538675,0.29007657394340697,"(5, 0, 2)",10,target_1 | target_2 | target_5 | target_4 | Shanghai_Composite | News_Article_Count | VIX | USD_CNY | Trends_lithium_hydroxide | Trends_lithium_carbonate
ganfeng_equity,VMD-K10-A3000,VMD,10,7,3000.0,ARIMA,0.0018900369164467667,0.0012944601157230512,0.09503308404148793,"(4, 0, 5)",11,target_2 | target_1 | target_5 | target_4 | Shanghai_Composite | News_Article_Count | Trends_lithium_carbonate | News_TextBlob_Polarity | USD_CNY | Albemarle_Close | VIX
ganfeng_equity,VMD-K10-A3000,VMD,10,8,3000.0,ARIMA,0.003506884616075112,0.0015241941472048076,0.2573110100299507,"(5, 0, 5)",10,target_2 | target_1 | target_5 | target_4 | Shanghai_Composite | USD_CNY | VIX | News_Article_Count | News_TextBlob_Polarity | News_FinBERT_Score
ganfeng_equity,VMD-K10-A3000,VMD,10,9,3000.0,ARIMA,0.0013305999674684266,0.0008905356288697834,0.14725681529163204,"(4, 0, 5)",7,target_1 | target_2 | Shanghai_Composite | News_TextBlob_Polarity | News_Article_Count | News_FinBERT_Score | USD_CNY
ganfeng_equity,VMD-K10-A3000,VMD,10,10,3000.0,RF,0.0013020451136125605,0.0009805396908091162,0.13774933711522744,,6,target_1 | target_4 | target_3 | Shanghai_Composite | USD_CNY | News_TextBlob_Polarity
ganfeng_equity,VMD-K10-A3000,VMD,10,11,3000.0,ARIMA,0.04586216408069572,0.034090089747093835,1.0511500127557847,"(0, 0, 1)",6,target_1 | target_2 | target_4 | target_3 | Shanghai_Composite | News_TextBlob_Polarity
ganfeng_equity,VMD-K10-A4500,VMD,10,1,4500.0,RF,0.013508668543743347,0.011361732318424226,0.2516515337802151,,5,target_1 | USD_CNY | Lithium_Carbonate_Close | Lithium_Hydroxide_Close | VIX
ganfeng_equity,VMD-K10-A4500,VMD,10,2,4500.0,SVR,0.07594115243855079,0.04703030880796935,0.22812330914703904,,2,target_1 | USD_CNY
ganfeng_equity,VMD-K10-A4500,VMD,10,3,4500.0,SVR,0.030890898371578723,0.01229117189784449,0.15845303683041687,,4,target_1 | target_5 | Trends_lithium_carbonate | News_Article_Count
ganfeng_equity,VMD-K10-A4500,VMD,10,4,4500.0,ARIMA,0.0019003919890468836,0.0006652935720065398,0.06616820034905602,"(3, 0, 2)",10,target_1 | target_3 | target_4 | Trends_lithium_carbonate | VIX | Trends_lithium_battery | Trends_lithium_hydroxide | Albemarle_Close | News_FinBERT_Score | News_Article_Count
ganfeng_equity,VMD-K10-A4500,VMD,10,5,4500.0,ARIMA,0.010708654894939275,0.0021974558427941184,0.25559934480287483,"(4, 0, 2)",8,target_1 | target_3 | target_5 | target_2 | News_TextBlob_Polarity | Shanghai_Composite | VIX | News_Article_Count
ganfeng_equity,VMD-K10-A4500,VMD,10,6,4500.0,ARIMA,0.006133704123091083,0.0017116748310079747,0.3071758788938737,"(4, 0, 4)",8,target_1 | target_2 | target_5 | Shanghai_Composite | News_Article_Count | VIX | USD_CNY | Trends_lithium_hydroxide
ganfeng_equity,VMD-K10-A4500,VMD,10,7,4500.0,ARIMA,0.001587336636161662,0.0010382277901274826,0.08635720137863259,"(4, 0, 3)",11,target_2 | target_1 | target_5 | Shanghai_Composite | target_4 | News_Article_Count | Trends_lithium_carbonate | News_TextBlob_Polarity | USD_CNY | Albemarle_Close | VIX
ganfeng_equity,VMD-K10-A4500,VMD,10,8,4500.0,ARIMA,0.0029915852159738718,0.0012605775214216948,0.21964916800220113,"(4, 0, 2)",10,target_2 | target_1 | target_5 | target_4 | Shanghai_Composite | USD_CNY | VIX | News_TextBlob_Polarity | News_Article_Count | News_FinBERT_Score
ganfeng_equity,VMD-K10-A4500,VMD,10,9,4500.0,ARIMA,0.0012248546125505587,0.0007617191432796848,0.14665837088420597,"(4, 0, 5)",7,target_1 | target_2 | Shanghai_Composite | News_TextBlob_Polarity | News_Article_Count | USD_CNY | News_FinBERT_Score
ganfeng_equity,VMD-K10-A4500,VMD,10,10,4500.0,RF,0.0008507129647889526,0.0006469328506854099,0.09656660161743463,,5,target_1 | target_4 | target_5 | Shanghai_Composite | USD_CNY
ganfeng_equity,VMD-K10-A4500,VMD,10,11,4500.0,ARIMA,0.053806774162009685,0.040374593655693236,0.9974939664458806,"(1, 0, 5)",15,target_1 | target_2 | Shanghai_Composite | target_3 | Albemarle_Close | Lithium_Hydroxide_Close | target_4 | USD_CNY | News_TextBlob_Polarity | target_5 | Trends_lithium_hydroxide | Trends_lithium_carbonate | News_Article_Count | VIX | MVIS_Critical_Minerals
ganfeng_equity,CEEMDAN-M7,CEEMDAN,7,1,,RF,0.048012659846066764,0.03332595528834509,1.052733840963828,,7,target_2 | target_1 | target_3 | target_4 | target_5 | USD_CNY | Albemarle_Close
ganfeng_equity,CEEMDAN-M7,CEEMDAN,7,2,,ARIMA,0.024950018834916626,0.01934219624861144,0.3874833685953418,"(4, 0, 1)",15,target_1 | target_2 | target_3 | target_5 | target_4 | Trends_lithium_battery | Lithium_Carbonate_Close | Trends_lithium_carbonate | Trends_lithium | SP500 | News_Article_Count | US_Dollar_Index | News_FinBERT_Score | VIX | Albemarle_Close
ganfeng_equity,CEEMDAN-M7,CEEMDAN,7,3,,RF,0.010666107060645408,0.0086455186144466,0.232206416695854,,8,target_1 | target_2 | target_3 | target_5 | News_Article_Count | News_TextBlob_Polarity | US_Dollar_Index | Trends_lithium_carbonate
ganfeng_equity,CEEMDAN-M7,CEEMDAN,7,4,,RF,0.027745040794547586,0.020533354068287872,0.17351849421798454,,11,target_1 | target_5 | US_Dollar_Index | target_4 | VIX | Lithium_Hydroxide_Close | Trends_lithium | Trends_lithium_hydroxide | News_TextBlob_Polarity | Shanghai_Composite | News_Article_Count
ganfeng_equity,CEEMDAN-M7,CEEMDAN,7,5,,LSTM,0.8694886151530318,0.8399454333419264,3.930577355528087,,7,target_1 | SP500 | USD_CNY | Lithium_Hydroxide_Close | Trends_lithium_carbonate | VIX | News_Article_Count
ganfeng_equity,CEEMDAN-M7,CEEMDAN,7,6,,ARIMA,0.005564529556873481,0.0008640380898063336,0.01797644812557419,"(3, 2, 2)",4,target_1 | SP500 | USD_CNY | VIX
ganfeng_equity,CEEMDAN-M9,CEEMDAN,9,1,,RF,0.04856526201377119,0.0338639411444518,1.0655715889607575,,7,target_2 | target_1 | target_3 | target_4 | target_5 | USD_CNY | Albemarle_Close
ganfeng_equity,CEEMDAN-M9,CEEMDAN,9,2,,ARIMA,0.024950018834916626,0.01934219624861144,0.3874833685953418,"(4, 0, 1)",15,target_1 | target_2 | target_3 | target_5 | target_4 | Trends_lithium_battery | Lithium_Carbonate_Close | Trends_lithium_carbonate | Trends_lithium | SP500 | News_Article_Count | US_Dollar_Index | News_FinBERT_Score | VIX | Albemarle_Close
ganfeng_equity,CEEMDAN-M9,CEEMDAN,9,3,,RF,0.010246259313977648,0.008159743435150794,0.22240781997636833,,8,target_1 | target_2 | target_3 | target_5 | News_Article_Count | News_TextBlob_Polarity | US_Dollar_Index | Trends_lithium_carbonate
ganfeng_equity,CEEMDAN-M9,CEEMDAN,9,4,,RF,0.02443000856626534,0.01851465966405718,0.15335966590163608,,11,target_1 | target_5 | US_Dollar_Index | target_4 | VIX | Lithium_Hydroxide_Close | Trends_lithium | Trends_lithium_hydroxide | News_TextBlob_Polarity | Shanghai_Composite | News_Article_Count
ganfeng_equity,CEEMDAN-M9,CEEMDAN,9,5,,RF,0.8848474823670093,0.8355732866642545,3.982522006282738,,7,target_1 | SP500 | USD_CNY | Lithium_Hydroxide_Close | Trends_lithium_carbonate | VIX | News_Article_Count
ganfeng_equity,CEEMDAN-M9,CEEMDAN,9,6,,ARIMA,0.005564529556873481,0.0008640380898063336,0.01797644812557419,"(3, 2, 2)",4,target_1 | SP500 | USD_CNY | VIX
